Bin ID	classification
3300050821_1384	d__Archaea|p__Thermoplasmatota|c__Thermoplasmata|o__UBA184|f__UBA184|g__
3300050821_1556	d__Archaea|p__Thermoplasmatota|c__Thermoplasmata|o__UBA184|f__UBA184|g__
3300050821_2191	d__Archaea|p__Thermoplasmatota|c__Thermoplasmata|o__UBA184|f__UBA184|g__
3300050821_1635	d__Archaea|p__Thermoproteota|c__Bathyarchaeia|o__40CM-2-53-6|f__40CM-2-53-6|g__40CM-2-53-6
3300050821_379	d__Archaea|p__Thermoproteota|c__Nitrososphaeria|o__Nitrososphaerales|f__Nitrosopumilaceae|g__TA-20
3300050821_1544	d__Archaea|p__Thermoproteota|c__Nitrososphaeria|o__Nitrososphaerales|f__Nitrosopumilaceae|g__TA-20
3300050821_1322	d__Bacteria|p__Acidobacteriota|c__Acidobacteriae|o__20CM-2-55-15|f__20CM-2-55-15|g__20CM-2-55-15
3300050821_2669	d__Bacteria|p__Acidobacteriota|c__Acidobacteriae|o__20CM-2-55-15|f__20CM-2-55-15|g__20CM-2-55-15
3300050821_1224	d__Bacteria|p__Acidobacteriota|c__Acidobacteriae|o__Acidobacteriales|f__Acidobacteriaceae|g__
3300050821_1369	d__Bacteria|p__Acidobacteriota|c__Acidobacteriae|o__Acidobacteriales|f__Acidobacteriaceae|g__
3300050821_1606	d__Bacteria|p__Acidobacteriota|c__Acidobacteriae|o__Acidobacteriales|f__Acidobacteriaceae|g__
3300050821_1835	d__Bacteria|p__Acidobacteriota|c__Acidobacteriae|o__Acidobacteriales|f__Acidobacteriaceae|g__
3300050821_2552	d__Bacteria|p__Acidobacteriota|c__Acidobacteriae|o__Acidobacteriales|f__Acidobacteriaceae|g__
3300050821_2624	d__Bacteria|p__Acidobacteriota|c__Acidobacteriae|o__Acidobacteriales|f__Acidobacteriaceae|g__
3300050821_1480	d__Bacteria|p__Acidobacteriota|c__Acidobacteriae|o__Acidobacteriales|f__Acidobacteriaceae|g__Acidobacterium_A
3300050821_2573	d__Bacteria|p__Acidobacteriota|c__Acidobacteriae|o__Acidobacteriales|f__Acidobacteriaceae|g__Acidobacterium_A
3300050821_2745	d__Bacteria|p__Acidobacteriota|c__Acidobacteriae|o__Acidobacteriales|f__Acidobacteriaceae|g__Acidobacterium_A
3300050821_1212	d__Bacteria|p__Acidobacteriota|c__Acidobacteriae|o__Acidobacteriales|f__Acidobacteriaceae|g__Edaphobacter
3300050821_1571	d__Bacteria|p__Acidobacteriota|c__Acidobacteriae|o__Acidobacteriales|f__Acidobacteriaceae|g__Edaphobacter
3300050821_1794	d__Bacteria|p__Acidobacteriota|c__Acidobacteriae|o__Acidobacteriales|f__Acidobacteriaceae|g__Edaphobacter
3300050821_2520	d__Bacteria|p__Acidobacteriota|c__Acidobacteriae|o__Acidobacteriales|f__Acidobacteriaceae|g__Edaphobacter
3300050821_461	d__Bacteria|p__Acidobacteriota|c__Acidobacteriae|o__Acidobacteriales|f__Acidobacteriaceae|g__Edaphobacter
3300050821_66	d__Bacteria|p__Acidobacteriota|c__Acidobacteriae|o__Acidobacteriales|f__Acidobacteriaceae|g__Edaphobacter
3300050821_2686	d__Bacteria|p__Acidobacteriota|c__Acidobacteriae|o__Acidobacteriales|f__Acidobacteriaceae|g__Palsa-288
3300050821_2148	d__Bacteria|p__Acidobacteriota|c__Acidobacteriae|o__Acidobacteriales|f__Acidobacteriaceae|g__PALSA-350
3300050821_2152	d__Bacteria|p__Acidobacteriota|c__Acidobacteriae|o__Acidobacteriales|f__Acidobacteriaceae|g__PALSA-350
3300050821_2272	d__Bacteria|p__Acidobacteriota|c__Acidobacteriae|o__Acidobacteriales|f__Acidobacteriaceae|g__PALSA-350
3300050821_2743	d__Bacteria|p__Acidobacteriota|c__Acidobacteriae|o__Acidobacteriales|f__Acidobacteriaceae|g__PALSA-350
3300050821_440	d__Bacteria|p__Acidobacteriota|c__Acidobacteriae|o__Acidobacteriales|f__Acidobacteriaceae|g__PALSA-350
3300050821_255	d__Bacteria|p__Acidobacteriota|c__Acidobacteriae|o__Acidobacteriales|f__Acidobacteriaceae|g__SBC82
3300050821_1505	d__Bacteria|p__Acidobacteriota|c__Acidobacteriae|o__Acidobacteriales|f__Acidobacteriaceae|g__Silvibacterium
3300050821_531	d__Bacteria|p__Acidobacteriota|c__Acidobacteriae|o__Acidobacteriales|f__Acidobacteriaceae|g__Terracidiphilus
3300050821_1038	d__Bacteria|p__Acidobacteriota|c__Acidobacteriae|o__Acidobacteriales|f__Acidobacteriaceae|g__Terracidiphilus
3300050821_1055	d__Bacteria|p__Acidobacteriota|c__Acidobacteriae|o__Acidobacteriales|f__Acidobacteriaceae|g__Terracidiphilus
3300050821_1430	d__Bacteria|p__Acidobacteriota|c__Acidobacteriae|o__Acidobacteriales|f__Acidobacteriaceae|g__Terracidiphilus
3300050821_1524	d__Bacteria|p__Acidobacteriota|c__Acidobacteriae|o__Acidobacteriales|f__Acidobacteriaceae|g__Terracidiphilus
3300050821_2194	d__Bacteria|p__Acidobacteriota|c__Acidobacteriae|o__Acidobacteriales|f__Acidobacteriaceae|g__Terracidiphilus
3300050821_2724	d__Bacteria|p__Acidobacteriota|c__Acidobacteriae|o__Acidobacteriales|f__Acidobacteriaceae|g__Terracidiphilus
3300050821_2838	d__Bacteria|p__Acidobacteriota|c__Acidobacteriae|o__Acidobacteriales|f__Acidobacteriaceae|g__Terracidiphilus
3300050821_325	d__Bacteria|p__Acidobacteriota|c__Acidobacteriae|o__Acidobacteriales|f__Acidobacteriaceae|g__Terracidiphilus
3300050821_415	d__Bacteria|p__Acidobacteriota|c__Acidobacteriae|o__Acidobacteriales|f__Acidobacteriaceae|g__Terracidiphilus
3300050821_439	d__Bacteria|p__Acidobacteriota|c__Acidobacteriae|o__Acidobacteriales|f__Acidobacteriaceae|g__Terracidiphilus
3300050821_458	d__Bacteria|p__Acidobacteriota|c__Acidobacteriae|o__Acidobacteriales|f__Acidobacteriaceae|g__Terracidiphilus
3300050821_893	d__Bacteria|p__Acidobacteriota|c__Acidobacteriae|o__Acidobacteriales|f__Acidobacteriaceae|g__Terracidiphilus
3300050821_1163	d__Bacteria|p__Acidobacteriota|c__Acidobacteriae|o__Acidobacteriales|f__Gp1-AA112|g__
3300050821_1779	d__Bacteria|p__Acidobacteriota|c__Acidobacteriae|o__Acidobacteriales|f__Gp1-AA112|g__Gp1-AA112
3300050821_2516	d__Bacteria|p__Acidobacteriota|c__Acidobacteriae|o__Acidobacteriales|f__Gp1-AA117|g__Gp1-AA17
3300050821_83	d__Bacteria|p__Acidobacteriota|c__Acidobacteriae|o__Acidobacteriales|f__Gp1-AA117|g__Gp1-AA17
3300050821_123	d__Bacteria|p__Acidobacteriota|c__Acidobacteriae|o__Acidobacteriales|f__Gp1-AA117|g__Gp1-AA17
3300050821_2608	d__Bacteria|p__Acidobacteriota|c__Acidobacteriae|o__Acidobacteriales|f__Gp1-AA117|g__Gp1-AA17
3300050821_470	d__Bacteria|p__Acidobacteriota|c__Acidobacteriae|o__Acidobacteriales|f__Gp1-AA117|g__Gp1-AA17
3300050821_102	d__Bacteria|p__Acidobacteriota|c__Acidobacteriae|o__Acidobacteriales|f__Koribacteraceae|g__
3300050821_103	d__Bacteria|p__Acidobacteriota|c__Acidobacteriae|o__Acidobacteriales|f__Koribacteraceae|g__
3300050821_1057	d__Bacteria|p__Acidobacteriota|c__Acidobacteriae|o__Acidobacteriales|f__Koribacteraceae|g__
3300050821_1299	d__Bacteria|p__Acidobacteriota|c__Acidobacteriae|o__Acidobacteriales|f__Koribacteraceae|g__
3300050821_1346	d__Bacteria|p__Acidobacteriota|c__Acidobacteriae|o__Acidobacteriales|f__Koribacteraceae|g__
3300050821_1347	d__Bacteria|p__Acidobacteriota|c__Acidobacteriae|o__Acidobacteriales|f__Koribacteraceae|g__
3300050821_1371	d__Bacteria|p__Acidobacteriota|c__Acidobacteriae|o__Acidobacteriales|f__Koribacteraceae|g__
3300050821_1757	d__Bacteria|p__Acidobacteriota|c__Acidobacteriae|o__Acidobacteriales|f__Koribacteraceae|g__
3300050821_1763	d__Bacteria|p__Acidobacteriota|c__Acidobacteriae|o__Acidobacteriales|f__Koribacteraceae|g__
3300050821_1796	d__Bacteria|p__Acidobacteriota|c__Acidobacteriae|o__Acidobacteriales|f__Koribacteraceae|g__
3300050821_2170	d__Bacteria|p__Acidobacteriota|c__Acidobacteriae|o__Acidobacteriales|f__Koribacteraceae|g__
3300050821_219	d__Bacteria|p__Acidobacteriota|c__Acidobacteriae|o__Acidobacteriales|f__Koribacteraceae|g__
3300050821_2533	d__Bacteria|p__Acidobacteriota|c__Acidobacteriae|o__Acidobacteriales|f__Koribacteraceae|g__
3300050821_2537	d__Bacteria|p__Acidobacteriota|c__Acidobacteriae|o__Acidobacteriales|f__Koribacteraceae|g__
3300050821_27	d__Bacteria|p__Acidobacteriota|c__Acidobacteriae|o__Acidobacteriales|f__Koribacteraceae|g__
3300050821_399	d__Bacteria|p__Acidobacteriota|c__Acidobacteriae|o__Acidobacteriales|f__Koribacteraceae|g__
3300050821_407	d__Bacteria|p__Acidobacteriota|c__Acidobacteriae|o__Acidobacteriales|f__Koribacteraceae|g__
3300050821_670	d__Bacteria|p__Acidobacteriota|c__Acidobacteriae|o__Acidobacteriales|f__Koribacteraceae|g__
3300050821_70	d__Bacteria|p__Acidobacteriota|c__Acidobacteriae|o__Acidobacteriales|f__Koribacteraceae|g__
3300050821_713	d__Bacteria|p__Acidobacteriota|c__Acidobacteriae|o__Acidobacteriales|f__Koribacteraceae|g__
3300050821_734	d__Bacteria|p__Acidobacteriota|c__Acidobacteriae|o__Acidobacteriales|f__Koribacteraceae|g__
3300050821_1376	d__Bacteria|p__Acidobacteriota|c__Acidobacteriae|o__Acidobacteriales|f__Koribacteraceae|g__Bog-209
3300050821_1553	d__Bacteria|p__Acidobacteriota|c__Acidobacteriae|o__Acidobacteriales|f__Koribacteraceae|g__Bog-209
3300050821_2353	d__Bacteria|p__Acidobacteriota|c__Acidobacteriae|o__Acidobacteriales|f__Koribacteraceae|g__Bog-209
3300050821_2504	d__Bacteria|p__Acidobacteriota|c__Acidobacteriae|o__Acidobacteriales|f__Koribacteraceae|g__Bog-209
3300050821_2653	d__Bacteria|p__Acidobacteriota|c__Acidobacteriae|o__Acidobacteriales|f__Koribacteraceae|g__Bog-209
3300050821_2697	d__Bacteria|p__Acidobacteriota|c__Acidobacteriae|o__Acidobacteriales|f__Koribacteraceae|g__Bog-209
3300050821_401	d__Bacteria|p__Acidobacteriota|c__Acidobacteriae|o__Acidobacteriales|f__Koribacteraceae|g__Bog-209
3300050821_460	d__Bacteria|p__Acidobacteriota|c__Acidobacteriae|o__Acidobacteriales|f__Koribacteraceae|g__Bog-209
3300050821_935	d__Bacteria|p__Acidobacteriota|c__Acidobacteriae|o__Acidobacteriales|f__Koribacteraceae|g__Bog-209
3300050821_1826	d__Bacteria|p__Acidobacteriota|c__Acidobacteriae|o__Acidobacteriales|f__Koribacteraceae|g__Bog-257
3300050821_2734	d__Bacteria|p__Acidobacteriota|c__Acidobacteriae|o__Acidobacteriales|f__Koribacteraceae|g__Bog-257
3300050821_2944	d__Bacteria|p__Acidobacteriota|c__Acidobacteriae|o__Acidobacteriales|f__Koribacteraceae|g__Bog-257
3300050821_1690	d__Bacteria|p__Acidobacteriota|c__Acidobacteriae|o__Acidobacteriales|f__Koribacteraceae|g__Gp1-AA133
3300050821_2175	d__Bacteria|p__Acidobacteriota|c__Acidobacteriae|o__Acidobacteriales|f__Koribacteraceae|g__Gp1-AA133
3300050821_2434	d__Bacteria|p__Acidobacteriota|c__Acidobacteriae|o__Acidobacteriales|f__Koribacteraceae|g__Gp1-AA133
3300050821_2556	d__Bacteria|p__Acidobacteriota|c__Acidobacteriae|o__Acidobacteriales|f__Koribacteraceae|g__Gp1-AA133
3300050821_2695	d__Bacteria|p__Acidobacteriota|c__Acidobacteriae|o__Acidobacteriales|f__Koribacteraceae|g__Gp1-AA133
3300050821_1771	d__Bacteria|p__Acidobacteriota|c__Acidobacteriae|o__Acidobacteriales|f__Koribacteraceae|g__PALSA-188
3300050821_2617	d__Bacteria|p__Acidobacteriota|c__Acidobacteriae|o__Acidobacteriales|f__Koribacteraceae|g__PALSA-188
3300050821_2233	d__Bacteria|p__Acidobacteriota|c__Acidobacteriae|o__Acidobacteriales|f__Koribacteraceae|g__QIAJ01
3300050821_1087	d__Bacteria|p__Acidobacteriota|c__Acidobacteriae|o__Acidobacteriales|f__Koribacteraceae|g__Sulfotelmatobacter
3300050821_1089	d__Bacteria|p__Acidobacteriota|c__Acidobacteriae|o__Acidobacteriales|f__Koribacteraceae|g__Sulfotelmatobacter
3300050821_1352	d__Bacteria|p__Acidobacteriota|c__Acidobacteriae|o__Acidobacteriales|f__Koribacteraceae|g__Sulfotelmatobacter
3300050821_1400	d__Bacteria|p__Acidobacteriota|c__Acidobacteriae|o__Acidobacteriales|f__Koribacteraceae|g__Sulfotelmatobacter
3300050821_1440	d__Bacteria|p__Acidobacteriota|c__Acidobacteriae|o__Acidobacteriales|f__Koribacteraceae|g__Sulfotelmatobacter
3300050821_1465	d__Bacteria|p__Acidobacteriota|c__Acidobacteriae|o__Acidobacteriales|f__Koribacteraceae|g__Sulfotelmatobacter
3300050821_1507	d__Bacteria|p__Acidobacteriota|c__Acidobacteriae|o__Acidobacteriales|f__Koribacteraceae|g__Sulfotelmatobacter
3300050821_1541	d__Bacteria|p__Acidobacteriota|c__Acidobacteriae|o__Acidobacteriales|f__Koribacteraceae|g__Sulfotelmatobacter
3300050821_1743	d__Bacteria|p__Acidobacteriota|c__Acidobacteriae|o__Acidobacteriales|f__Koribacteraceae|g__Sulfotelmatobacter
3300050821_2077	d__Bacteria|p__Acidobacteriota|c__Acidobacteriae|o__Acidobacteriales|f__Koribacteraceae|g__Sulfotelmatobacter
3300050821_2593	d__Bacteria|p__Acidobacteriota|c__Acidobacteriae|o__Acidobacteriales|f__Koribacteraceae|g__Sulfotelmatobacter
3300050821_2601	d__Bacteria|p__Acidobacteriota|c__Acidobacteriae|o__Acidobacteriales|f__Koribacteraceae|g__Sulfotelmatobacter
3300050821_2631	d__Bacteria|p__Acidobacteriota|c__Acidobacteriae|o__Acidobacteriales|f__Koribacteraceae|g__Sulfotelmatobacter
3300050821_2668	d__Bacteria|p__Acidobacteriota|c__Acidobacteriae|o__Acidobacteriales|f__Koribacteraceae|g__Sulfotelmatobacter
3300050821_2732	d__Bacteria|p__Acidobacteriota|c__Acidobacteriae|o__Acidobacteriales|f__Koribacteraceae|g__Sulfotelmatobacter
3300050821_2991	d__Bacteria|p__Acidobacteriota|c__Acidobacteriae|o__Acidobacteriales|f__Koribacteraceae|g__Sulfotelmatobacter
3300050821_35	d__Bacteria|p__Acidobacteriota|c__Acidobacteriae|o__Acidobacteriales|f__Koribacteraceae|g__Sulfotelmatobacter
3300050821_554	d__Bacteria|p__Acidobacteriota|c__Acidobacteriae|o__Acidobacteriales|f__Koribacteraceae|g__Sulfotelmatobacter
3300050821_923	d__Bacteria|p__Acidobacteriota|c__Acidobacteriae|o__Acidobacteriales|f__Koribacteraceae|g__Sulfotelmatobacter
3300050821_2503	d__Bacteria|p__Acidobacteriota|c__Acidobacteriae|o__Acidobacteriales|f__QIAW01|g__QIAW01
3300050821_1452	d__Bacteria|p__Acidobacteriota|c__Acidobacteriae|o__Acidobacteriales|f__QIAW01|g__QIAW01
3300050821_1429	d__Bacteria|p__Acidobacteriota|c__Acidobacteriae|o__Bryobacterales|f__Bryobacteraceae|g__
3300050821_1536	d__Bacteria|p__Acidobacteriota|c__Acidobacteriae|o__Bryobacterales|f__Bryobacteraceae|g__
3300050821_1772	d__Bacteria|p__Acidobacteriota|c__Acidobacteriae|o__Bryobacterales|f__Bryobacteraceae|g__
3300050821_2604	d__Bacteria|p__Acidobacteriota|c__Acidobacteriae|o__Bryobacterales|f__Bryobacteraceae|g__
3300050821_1111	d__Bacteria|p__Acidobacteriota|c__Acidobacteriae|o__Bryobacterales|f__Bryobacteraceae|g__BOG-234
3300050821_15	d__Bacteria|p__Acidobacteriota|c__Acidobacteriae|o__Bryobacterales|f__Bryobacteraceae|g__BOG-234
3300050821_1001	d__Bacteria|p__Acidobacteriota|c__Acidobacteriae|o__Bryobacterales|f__Bryobacteraceae|g__Palsa-187
3300050821_1053	d__Bacteria|p__Acidobacteriota|c__Acidobacteriae|o__Bryobacterales|f__Bryobacteraceae|g__Palsa-187
3300050821_108	d__Bacteria|p__Acidobacteriota|c__Acidobacteriae|o__Bryobacterales|f__Bryobacteraceae|g__Palsa-187
3300050821_1286	d__Bacteria|p__Acidobacteriota|c__Acidobacteriae|o__Bryobacterales|f__Bryobacteraceae|g__Palsa-187
3300050821_1566	d__Bacteria|p__Acidobacteriota|c__Acidobacteriae|o__Bryobacterales|f__Bryobacteraceae|g__Palsa-187
3300050821_1677	d__Bacteria|p__Acidobacteriota|c__Acidobacteriae|o__Bryobacterales|f__Bryobacteraceae|g__Palsa-187
3300050821_1711	d__Bacteria|p__Acidobacteriota|c__Acidobacteriae|o__Bryobacterales|f__Bryobacteraceae|g__Palsa-187
3300050821_1723	d__Bacteria|p__Acidobacteriota|c__Acidobacteriae|o__Bryobacterales|f__Bryobacteraceae|g__Palsa-187
3300050821_2	d__Bacteria|p__Acidobacteriota|c__Acidobacteriae|o__Bryobacterales|f__Bryobacteraceae|g__Palsa-187
3300050821_20	d__Bacteria|p__Acidobacteriota|c__Acidobacteriae|o__Bryobacterales|f__Bryobacteraceae|g__Palsa-187
3300050821_2536	d__Bacteria|p__Acidobacteriota|c__Acidobacteriae|o__Bryobacterales|f__Bryobacteraceae|g__Palsa-187
3300050821_2550	d__Bacteria|p__Acidobacteriota|c__Acidobacteriae|o__Bryobacterales|f__Bryobacteraceae|g__Palsa-187
3300050821_2592	d__Bacteria|p__Acidobacteriota|c__Acidobacteriae|o__Bryobacterales|f__Bryobacteraceae|g__Palsa-187
3300050821_2603	d__Bacteria|p__Acidobacteriota|c__Acidobacteriae|o__Bryobacterales|f__Bryobacteraceae|g__Palsa-187
3300050821_351	d__Bacteria|p__Acidobacteriota|c__Acidobacteriae|o__Bryobacterales|f__Bryobacteraceae|g__Palsa-187
3300050821_44	d__Bacteria|p__Acidobacteriota|c__Acidobacteriae|o__Bryobacterales|f__Bryobacteraceae|g__Palsa-187
3300050821_54	d__Bacteria|p__Acidobacteriota|c__Acidobacteriae|o__Bryobacterales|f__Bryobacteraceae|g__Palsa-187
3300050821_71	d__Bacteria|p__Acidobacteriota|c__Acidobacteriae|o__Bryobacterales|f__Bryobacteraceae|g__Palsa-187
3300050821_80	d__Bacteria|p__Acidobacteriota|c__Acidobacteriae|o__Bryobacterales|f__Bryobacteraceae|g__Palsa-187
3300050821_877	d__Bacteria|p__Acidobacteriota|c__Acidobacteriae|o__Bryobacterales|f__Bryobacteraceae|g__Palsa-187
3300050821_956	d__Bacteria|p__Acidobacteriota|c__Acidobacteriae|o__Bryobacterales|f__Bryobacteraceae|g__Palsa-187
3300050821_1180	d__Bacteria|p__Acidobacteriota|c__Acidobacteriae|o__Bryobacterales|f__Bryobacteraceae|g__Palsa-89
3300050821_1183	d__Bacteria|p__Acidobacteriota|c__Acidobacteriae|o__Bryobacterales|f__Bryobacteraceae|g__Palsa-89
3300050821_1392	d__Bacteria|p__Acidobacteriota|c__Acidobacteriae|o__Bryobacterales|f__Bryobacteraceae|g__Palsa-89
3300050821_1693	d__Bacteria|p__Acidobacteriota|c__Acidobacteriae|o__Bryobacterales|f__Bryobacteraceae|g__Palsa-89
3300050821_2678	d__Bacteria|p__Acidobacteriota|c__Acidobacteriae|o__Bryobacterales|f__Bryobacteraceae|g__Palsa-89
3300050821_67	d__Bacteria|p__Acidobacteriota|c__Acidobacteriae|o__Bryobacterales|f__Bryobacteraceae|g__Palsa-89
3300050821_74	d__Bacteria|p__Acidobacteriota|c__Acidobacteriae|o__Bryobacterales|f__Bryobacteraceae|g__PSRJ01
3300050821_831	d__Bacteria|p__Acidobacteriota|c__Acidobacteriae|o__Bryobacterales|f__Bryobacteraceae|g__PSRJ01
3300050821_1305	d__Bacteria|p__Acidobacteriota|c__Acidobacteriae|o__Bryobacterales|f__Bryobacteraceae|g__QHXW01
3300050821_1582	d__Bacteria|p__Acidobacteriota|c__Acidobacteriae|o__Bryobacterales|f__Bryobacteraceae|g__QHXW01
3300050821_26	d__Bacteria|p__Acidobacteriota|c__Acidobacteriae|o__Bryobacterales|f__Bryobacteraceae|g__QHXW01
3300050821_355	d__Bacteria|p__Acidobacteriota|c__Acidobacteriae|o__Bryobacterales|f__Bryobacteraceae|g__QHXW01
3300050821_2764	d__Bacteria|p__Acidobacteriota|c__Acidobacteriae|o__Bryobacterales|f__Bryobacteraceae|g__Solibacter
3300050821_1235	d__Bacteria|p__Acidobacteriota|c__Acidobacteriae|o__Bryobacterales|f__Bryobacteraceae|g__Sulfopaludibacter
3300050821_2163	d__Bacteria|p__Acidobacteriota|c__Acidobacteriae|o__UBA7540|f__UBA7540|g__
3300050821_1800	d__Bacteria|p__Acidobacteriota|c__Acidobacteriae|o__UBA7540|f__UBA7540|g__
3300050821_1500	d__Bacteria|p__Acidobacteriota|c__Acidobacteriae|o__UBA7541|f__UBA7541|g__
3300050821_469	d__Bacteria|p__Acidobacteriota|c__Acidobacteriae|o__UBA7541|f__UBA7541|g__
3300050821_63	d__Bacteria|p__Acidobacteriota|c__Acidobacteriae|o__UBA7541|f__UBA7541|g__
3300050821_92	d__Bacteria|p__Acidobacteriota|c__Acidobacteriae|o__UBA7541|f__UBA7541|g__
3300050821_975	d__Bacteria|p__Acidobacteriota|c__Acidobacteriae|o__UBA7541|f__UBA7541|g__
3300050821_1170	d__Bacteria|p__Acidobacteriota|c__Acidobacteriae|o__UBA7541|f__UBA7541|g__
3300050821_1217	d__Bacteria|p__Acidobacteriota|c__Acidobacteriae|o__UBA7541|f__UBA7541|g__
3300050821_1320	d__Bacteria|p__Acidobacteriota|c__Acidobacteriae|o__UBA7541|f__UBA7541|g__
3300050821_1712	d__Bacteria|p__Acidobacteriota|c__Acidobacteriae|o__UBA7541|f__UBA7541|g__
3300050821_1722	d__Bacteria|p__Acidobacteriota|c__Acidobacteriae|o__UBA7541|f__UBA7541|g__
3300050821_2161	d__Bacteria|p__Acidobacteriota|c__Acidobacteriae|o__UBA7541|f__UBA7541|g__
3300050821_2201	d__Bacteria|p__Acidobacteriota|c__Acidobacteriae|o__UBA7541|f__UBA7541|g__
3300050821_2300	d__Bacteria|p__Acidobacteriota|c__Acidobacteriae|o__UBA7541|f__UBA7541|g__
3300050821_2577	d__Bacteria|p__Acidobacteriota|c__Acidobacteriae|o__UBA7541|f__UBA7541|g__
3300050821_2628	d__Bacteria|p__Acidobacteriota|c__Acidobacteriae|o__UBA7541|f__UBA7541|g__
3300050821_294	d__Bacteria|p__Acidobacteriota|c__Acidobacteriae|o__UBA7541|f__UBA7541|g__
3300050821_368	d__Bacteria|p__Acidobacteriota|c__Acidobacteriae|o__UBA7541|f__UBA7541|g__
3300050821_437	d__Bacteria|p__Acidobacteriota|c__Acidobacteriae|o__UBA7541|f__UBA7541|g__
3300050821_48	d__Bacteria|p__Acidobacteriota|c__Acidobacteriae|o__UBA7541|f__UBA7541|g__
3300050821_633	d__Bacteria|p__Acidobacteriota|c__Acidobacteriae|o__UBA7541|f__UBA7541|g__
3300050821_765	d__Bacteria|p__Acidobacteriota|c__Acidobacteriae|o__UBA7541|f__UBA7541|g__
3300050821_2332	d__Bacteria|p__Acidobacteriota|c__Acidobacteriae|o__UBA7541|f__UBA7541|g__Palsa-189
3300050821_75	d__Bacteria|p__Acidobacteriota|c__Acidobacteriae|o__UBA7541|f__UBA7541|g__Palsa-189
3300050821_1579	d__Bacteria|p__Acidobacteriota|c__Acidobacteriae|o__UBA7541|f__UBA7541|g__Palsa-295
3300050821_1672	d__Bacteria|p__Acidobacteriota|c__Acidobacteriae|o__UBA7541|f__UBA7541|g__Palsa-295
3300050821_2209	d__Bacteria|p__Acidobacteriota|c__Acidobacteriae|o__UBA7541|f__UBA7541|g__Palsa-295
3300050821_2235	d__Bacteria|p__Acidobacteriota|c__Acidobacteriae|o__UBA7541|f__UBA7541|g__Palsa-295
3300050821_2247	d__Bacteria|p__Acidobacteriota|c__Acidobacteriae|o__UBA7541|f__UBA7541|g__Palsa-295
3300050821_2267	d__Bacteria|p__Acidobacteriota|c__Acidobacteriae|o__UBA7541|f__UBA7541|g__Palsa-295
3300050821_2376	d__Bacteria|p__Acidobacteriota|c__Acidobacteriae|o__UBA7541|f__UBA7541|g__Palsa-295
3300050821_241	d__Bacteria|p__Acidobacteriota|c__Acidobacteriae|o__UBA7541|f__UBA7541|g__Palsa-295
3300050821_25	d__Bacteria|p__Acidobacteriota|c__Acidobacteriae|o__UBA7541|f__UBA7541|g__Palsa-295
3300050821_2506	d__Bacteria|p__Acidobacteriota|c__Acidobacteriae|o__UBA7541|f__UBA7541|g__Palsa-295
3300050821_2606	d__Bacteria|p__Acidobacteriota|c__Acidobacteriae|o__UBA7541|f__UBA7541|g__Palsa-295
3300050821_2621	d__Bacteria|p__Acidobacteriota|c__Acidobacteriae|o__UBA7541|f__UBA7541|g__Palsa-295
3300050821_2638	d__Bacteria|p__Acidobacteriota|c__Acidobacteriae|o__UBA7541|f__UBA7541|g__Palsa-295
3300050821_2834	d__Bacteria|p__Acidobacteriota|c__Acidobacteriae|o__UBA7541|f__UBA7541|g__Palsa-295
3300050821_336	d__Bacteria|p__Acidobacteriota|c__Acidobacteriae|o__UBA7541|f__UBA7541|g__Palsa-295
3300050821_354	d__Bacteria|p__Acidobacteriota|c__Acidobacteriae|o__UBA7541|f__UBA7541|g__Palsa-295
3300050821_356	d__Bacteria|p__Acidobacteriota|c__Acidobacteriae|o__UBA7541|f__UBA7541|g__Palsa-295
3300050821_357	d__Bacteria|p__Acidobacteriota|c__Acidobacteriae|o__UBA7541|f__UBA7541|g__Palsa-295
3300050821_362	d__Bacteria|p__Acidobacteriota|c__Acidobacteriae|o__UBA7541|f__UBA7541|g__Palsa-295
3300050821_442	d__Bacteria|p__Acidobacteriota|c__Acidobacteriae|o__UBA7541|f__UBA7541|g__Palsa-295
3300050821_512	d__Bacteria|p__Acidobacteriota|c__Acidobacteriae|o__UBA7541|f__UBA7541|g__Palsa-295
3300050821_811	d__Bacteria|p__Acidobacteriota|c__Acidobacteriae|o__UBA7541|f__UBA7541|g__Palsa-295
3300050821_837	d__Bacteria|p__Acidobacteriota|c__Acidobacteriae|o__UBA7541|f__UBA7541|g__Palsa-295
3300050821_1410	d__Bacteria|p__Acidobacteriota|c__Acidobacteriae|o__UBA7541|f__UBA7541|g__Palsa-360
3300050821_1402	d__Bacteria|p__Acidobacteriota|c__Acidobacteriae|o__UBA7541|f__UBA7541|g__Palsa-360
3300050821_1550	d__Bacteria|p__Acidobacteriota|c__Acidobacteriae|o__UBA7541|f__UBA7541|g__Palsa-360
3300050821_1888	d__Bacteria|p__Acidobacteriota|c__Acidobacteriae|o__UBA7541|f__UBA7541|g__Palsa-360
3300050821_2285	d__Bacteria|p__Acidobacteriota|c__Acidobacteriae|o__UBA7541|f__UBA7541|g__Palsa-360
3300050821_32	d__Bacteria|p__Acidobacteriota|c__Acidobacteriae|o__UBA7541|f__UBA7541|g__Palsa-360
3300050821_329	d__Bacteria|p__Acidobacteriota|c__Acidobacteriae|o__UBA7541|f__UBA7541|g__Palsa-360
3300050821_39	d__Bacteria|p__Acidobacteriota|c__Acidobacteriae|o__UBA7541|f__UBA7541|g__Palsa-360
3300050821_745	d__Bacteria|p__Acidobacteriota|c__Acidobacteriae|o__UBA7541|f__UBA7541|g__Palsa-360
3300050821_972	d__Bacteria|p__Acidobacteriota|c__Acidobacteriae|o__UBA7541|f__UBA7541|g__Palsa-360
3300050821_31	d__Bacteria|p__Acidobacteriota|c__Acidobacteriae|o__UBA7541|f__UBA7541|g__UBA7541
3300050821_678	d__Bacteria|p__Acidobacteriota|c__Acidobacteriae|o__UBA7541|f__UBA7541|g__UBA7541
3300050821_1050	d__Bacteria|p__Acidobacteriota|c__Acidobacteriae|o__UBA7541|f__UBA7541|g__UBA7541
3300050821_106	d__Bacteria|p__Acidobacteriota|c__Acidobacteriae|o__UBA7541|f__UBA7541|g__UBA7541
3300050821_1121	d__Bacteria|p__Acidobacteriota|c__Acidobacteriae|o__UBA7541|f__UBA7541|g__UBA7541
3300050821_1216	d__Bacteria|p__Acidobacteriota|c__Acidobacteriae|o__UBA7541|f__UBA7541|g__UBA7541
3300050821_1225	d__Bacteria|p__Acidobacteriota|c__Acidobacteriae|o__UBA7541|f__UBA7541|g__UBA7541
3300050821_1270	d__Bacteria|p__Acidobacteriota|c__Acidobacteriae|o__UBA7541|f__UBA7541|g__UBA7541
3300050821_1281	d__Bacteria|p__Acidobacteriota|c__Acidobacteriae|o__UBA7541|f__UBA7541|g__UBA7541
3300050821_1357	d__Bacteria|p__Acidobacteriota|c__Acidobacteriae|o__UBA7541|f__UBA7541|g__UBA7541
3300050821_1393	d__Bacteria|p__Acidobacteriota|c__Acidobacteriae|o__UBA7541|f__UBA7541|g__UBA7541
3300050821_1397	d__Bacteria|p__Acidobacteriota|c__Acidobacteriae|o__UBA7541|f__UBA7541|g__UBA7541
3300050821_1435	d__Bacteria|p__Acidobacteriota|c__Acidobacteriae|o__UBA7541|f__UBA7541|g__UBA7541
3300050821_1481	d__Bacteria|p__Acidobacteriota|c__Acidobacteriae|o__UBA7541|f__UBA7541|g__UBA7541
3300050821_1529	d__Bacteria|p__Acidobacteriota|c__Acidobacteriae|o__UBA7541|f__UBA7541|g__UBA7541
3300050821_16	d__Bacteria|p__Acidobacteriota|c__Acidobacteriae|o__UBA7541|f__UBA7541|g__UBA7541
3300050821_1609	d__Bacteria|p__Acidobacteriota|c__Acidobacteriae|o__UBA7541|f__UBA7541|g__UBA7541
3300050821_1654	d__Bacteria|p__Acidobacteriota|c__Acidobacteriae|o__UBA7541|f__UBA7541|g__UBA7541
3300050821_1665	d__Bacteria|p__Acidobacteriota|c__Acidobacteriae|o__UBA7541|f__UBA7541|g__UBA7541
3300050821_1939	d__Bacteria|p__Acidobacteriota|c__Acidobacteriae|o__UBA7541|f__UBA7541|g__UBA7541
3300050821_1954	d__Bacteria|p__Acidobacteriota|c__Acidobacteriae|o__UBA7541|f__UBA7541|g__UBA7541
3300050821_2085	d__Bacteria|p__Acidobacteriota|c__Acidobacteriae|o__UBA7541|f__UBA7541|g__UBA7541
3300050821_2245	d__Bacteria|p__Acidobacteriota|c__Acidobacteriae|o__UBA7541|f__UBA7541|g__UBA7541
3300050821_2308	d__Bacteria|p__Acidobacteriota|c__Acidobacteriae|o__UBA7541|f__UBA7541|g__UBA7541
3300050821_2565	d__Bacteria|p__Acidobacteriota|c__Acidobacteriae|o__UBA7541|f__UBA7541|g__UBA7541
3300050821_2568	d__Bacteria|p__Acidobacteriota|c__Acidobacteriae|o__UBA7541|f__UBA7541|g__UBA7541
3300050821_2585	d__Bacteria|p__Acidobacteriota|c__Acidobacteriae|o__UBA7541|f__UBA7541|g__UBA7541
3300050821_2688	d__Bacteria|p__Acidobacteriota|c__Acidobacteriae|o__UBA7541|f__UBA7541|g__UBA7541
3300050821_29	d__Bacteria|p__Acidobacteriota|c__Acidobacteriae|o__UBA7541|f__UBA7541|g__UBA7541
3300050821_315	d__Bacteria|p__Acidobacteriota|c__Acidobacteriae|o__UBA7541|f__UBA7541|g__UBA7541
3300050821_321	d__Bacteria|p__Acidobacteriota|c__Acidobacteriae|o__UBA7541|f__UBA7541|g__UBA7541
3300050821_352	d__Bacteria|p__Acidobacteriota|c__Acidobacteriae|o__UBA7541|f__UBA7541|g__UBA7541
3300050821_382	d__Bacteria|p__Acidobacteriota|c__Acidobacteriae|o__UBA7541|f__UBA7541|g__UBA7541
3300050821_391	d__Bacteria|p__Acidobacteriota|c__Acidobacteriae|o__UBA7541|f__UBA7541|g__UBA7541
3300050821_410	d__Bacteria|p__Acidobacteriota|c__Acidobacteriae|o__UBA7541|f__UBA7541|g__UBA7541
3300050821_413	d__Bacteria|p__Acidobacteriota|c__Acidobacteriae|o__UBA7541|f__UBA7541|g__UBA7541
3300050821_583	d__Bacteria|p__Acidobacteriota|c__Acidobacteriae|o__UBA7541|f__UBA7541|g__UBA7541
3300050821_59	d__Bacteria|p__Acidobacteriota|c__Acidobacteriae|o__UBA7541|f__UBA7541|g__UBA7541
3300050821_61	d__Bacteria|p__Acidobacteriota|c__Acidobacteriae|o__UBA7541|f__UBA7541|g__UBA7541
3300050821_649	d__Bacteria|p__Acidobacteriota|c__Acidobacteriae|o__UBA7541|f__UBA7541|g__UBA7541
3300050821_749	d__Bacteria|p__Acidobacteriota|c__Acidobacteriae|o__UBA7541|f__UBA7541|g__UBA7541
3300050821_86	d__Bacteria|p__Acidobacteriota|c__Acidobacteriae|o__UBA7541|f__UBA7541|g__UBA7541
3300050821_346	d__Bacteria|p__Acidobacteriota|c__Blastocatellia|o__UBA7656|f__UBA7656|g__
3300050821_1804	d__Bacteria|p__Acidobacteriota|c__Holophagae|o__Holophagales|f__Holophagaceae|g__
3300050821_1753	d__Bacteria|p__Acidobacteriota|c__Thermoanaerobaculia|o__Gp7-AA8|f__Gp7-AA8|g__
3300050821_2523	d__Bacteria|p__Acidobacteriota|c__Thermoanaerobaculia|o__Gp7-AA8|f__Gp7-AA8|g__
3300050821_2818	d__Bacteria|p__Acidobacteriota|c__Thermoanaerobaculia|o__UBA5066|f__Gp7-AA6|g__
3300050821_2091	d__Bacteria|p__Acidobacteriota|c__Thermoanaerobaculia|o__UBA5066|f__Gp7-AA6|g__Gp7-AA6
3300050821_2529	d__Bacteria|p__Acidobacteriota|c__Thermoanaerobaculia|o__UBA5704|f__UBA5704|g__UBA5704
3300050821_2439	d__Bacteria|p__Acidobacteriota|c__Thermoanaerobaculia|o__UBA5704|f__UBA5704|g__UBA5704
3300050821_422	d__Bacteria|p__Acidobacteriota|c__Thermoanaerobaculia|o__UBA5704|f__UBA5704|g__UBA5704
3300050821_2098	d__Bacteria|p__Acidobacteriota|c__Vicinamibacteria_A|o__Fen-336|f__Fen-336|g__
3300050821_2856	d__Bacteria|p__Acidobacteriota|c__Vicinamibacteria_A|o__Fen-336|f__Fen-336|g__
3300050821_326	d__Bacteria|p__Acidobacteriota|c__Vicinamibacteria_A|o__Fen-336|f__Fen-336|g__
3300050821_1710	d__Bacteria|p__Acidobacteriota|c__Vicinamibacteria|o__Vicinamibacterales|f__SCN-69-37|g__
3300050821_1969	d__Bacteria|p__Acidobacteriota|c__Vicinamibacteria|o__Vicinamibacterales|f__SCN-69-37|g__
3300050821_726	d__Bacteria|p__Acidobacteriota|c__Vicinamibacteria|o__Vicinamibacterales|f__SCN-69-37|g__
3300050821_1608	d__Bacteria|p__Acidobacteriota|c__Vicinamibacteria|o__Vicinamibacterales|f__SCN-69-37|g__SYFT01
3300050821_1864	d__Bacteria|p__Acidobacteriota|c__Vicinamibacteria|o__Vicinamibacterales|f__UBA2999|g__
3300050821_2445	d__Bacteria|p__Acidobacteriota|c__Vicinamibacteria|o__Vicinamibacterales|f__UBA2999|g__
3300050821_506	d__Bacteria|p__Acidobacteriota|c__Vicinamibacteria|o__Vicinamibacterales|f__UBA2999|g__
3300050821_1182	d__Bacteria|p__Acidobacteriota|c__Vicinamibacteria|o__Vicinamibacterales|f__UBA2999|g__2-02-FULL-65-29
3300050821_2381	d__Bacteria|p__Acidobacteriota|c__Vicinamibacteria|o__Vicinamibacterales|f__UBA2999|g__Gp6-AA45
3300050821_2644	d__Bacteria|p__Acidobacteriota|c__Vicinamibacteria|o__Vicinamibacterales|f__UBA2999|g__Gp6-AA45
3300050821_2706	d__Bacteria|p__Actinobacteriota|c__Acidimicrobiia|o__Acidimicrobiales|f__GCA-2861595|g__
3300050821_1947	d__Bacteria|p__Actinobacteriota|c__Acidimicrobiia|o__Acidimicrobiales|f__Palsa-688|g__
3300050821_2213	d__Bacteria|p__Actinobacteriota|c__Acidimicrobiia|o__Acidimicrobiales|f__Palsa-688|g__
3300050821_414	d__Bacteria|p__Actinobacteriota|c__Acidimicrobiia|o__Acidimicrobiales|f__Palsa-688|g__
3300050821_1720	d__Bacteria|p__Actinobacteriota|c__Acidimicrobiia|o__Acidimicrobiales|f__Palsa-688|g__PALSA-693
3300050821_2187	d__Bacteria|p__Actinobacteriota|c__Acidimicrobiia|o__Acidimicrobiales|f__RAAP-2|g__
3300050821_443	d__Bacteria|p__Actinobacteriota|c__Acidimicrobiia|o__Acidimicrobiales|f__RAAP-2|g__
3300050821_57	d__Bacteria|p__Actinobacteriota|c__Acidimicrobiia|o__Acidimicrobiales|f__RAAP-2|g__Bog-473
3300050821_1540	d__Bacteria|p__Actinobacteriota|c__Acidimicrobiia|o__Acidimicrobiales|f__RAAP-2|g__Bog-473
3300050821_1737	d__Bacteria|p__Actinobacteriota|c__Acidimicrobiia|o__Acidimicrobiales|f__RAAP-2|g__Bog-756
3300050821_2683	d__Bacteria|p__Actinobacteriota|c__Acidimicrobiia|o__Acidimicrobiales|f__UBA8190|g__
3300050821_1845	d__Bacteria|p__Actinobacteriota|c__Acidimicrobiia|o__IMCC26256|f__PALSA-610|g__
3300050821_2339	d__Bacteria|p__Actinobacteriota|c__Actinomycetia|o__Acidothermales|f__Acidothermaceae|g__PALSA-607
3300050821_1157	d__Bacteria|p__Actinobacteriota|c__Actinomycetia|o__Mycobacteriales|f__Mycobacteriaceae|g__Mycobacterium
3300050821_1769	d__Bacteria|p__Actinobacteriota|c__Actinomycetia|o__Mycobacteriales|f__Mycobacteriaceae|g__Mycobacterium
3300050821_194	d__Bacteria|p__Actinobacteriota|c__Actinomycetia|o__Mycobacteriales|f__Mycobacteriaceae|g__Mycobacterium
3300050821_197	d__Bacteria|p__Actinobacteriota|c__Actinomycetia|o__Mycobacteriales|f__Mycobacteriaceae|g__Mycobacterium
3300050821_2060	d__Bacteria|p__Actinobacteriota|c__Actinomycetia|o__Mycobacteriales|f__Mycobacteriaceae|g__Mycobacterium
3300050821_215	d__Bacteria|p__Actinobacteriota|c__Actinomycetia|o__Mycobacteriales|f__Mycobacteriaceae|g__Mycobacterium
3300050821_2224	d__Bacteria|p__Actinobacteriota|c__Actinomycetia|o__Mycobacteriales|f__Mycobacteriaceae|g__Mycobacterium
3300050821_77	d__Bacteria|p__Actinobacteriota|c__Actinomycetia|o__Mycobacteriales|f__Mycobacteriaceae|g__Mycobacterium
3300050821_777	d__Bacteria|p__Actinobacteriota|c__Actinomycetia|o__Mycobacteriales|f__Mycobacteriaceae|g__Mycobacterium
3300050821_318	d__Bacteria|p__Actinobacteriota|c__Actinomycetia|o__Mycobacteriales|f__Pseudonocardiaceae|g__
3300050821_1543	d__Bacteria|p__Actinobacteriota|c__Actinomycetia|o__Mycobacteriales|f__Pseudonocardiaceae|g__GCA-003244245
3300050821_1678	d__Bacteria|p__Actinobacteriota|c__Actinomycetia|o__Mycobacteriales|f__Pseudonocardiaceae|g__GCA-003244245
3300050821_1124	d__Bacteria|p__Actinobacteriota|c__Actinomycetia|o__Streptosporangiales|f__Streptosporangiaceae|g__
3300050821_1923	d__Bacteria|p__Actinobacteriota|c__Actinomycetia|o__Streptosporangiales|f__Streptosporangiaceae|g__
3300050821_204	d__Bacteria|p__Actinobacteriota|c__Actinomycetia|o__Streptosporangiales|f__Streptosporangiaceae|g__
3300050821_2212	d__Bacteria|p__Actinobacteriota|c__Actinomycetia|o__Streptosporangiales|f__Streptosporangiaceae|g__
3300050821_2251	d__Bacteria|p__Actinobacteriota|c__Actinomycetia|o__Streptosporangiales|f__Streptosporangiaceae|g__
3300050821_2377	d__Bacteria|p__Actinobacteriota|c__Actinomycetia|o__Streptosporangiales|f__Streptosporangiaceae|g__
3300050821_2719	d__Bacteria|p__Actinobacteriota|c__Actinomycetia|o__Streptosporangiales|f__Streptosporangiaceae|g__
3300050821_2782	d__Bacteria|p__Actinobacteriota|c__Actinomycetia|o__Streptosporangiales|f__Streptosporangiaceae|g__
3300050821_2978	d__Bacteria|p__Actinobacteriota|c__Actinomycetia|o__Streptosporangiales|f__Streptosporangiaceae|g__
3300050821_813	d__Bacteria|p__Actinobacteriota|c__Actinomycetia|o__Streptosporangiales|f__Streptosporangiaceae|g__
3300050821_96	d__Bacteria|p__Actinobacteriota|c__Actinomycetia|o__Streptosporangiales|f__Streptosporangiaceae|g__
3300050821_2482	d__Bacteria|p__Actinobacteriota|c__Actinomycetia|o__Streptosporangiales|f__Streptosporangiaceae|g__Palsa-504
3300050821_2881	d__Bacteria|p__Actinobacteriota|c__Actinomycetia|o__Streptosporangiales|f__Streptosporangiaceae|g__Palsa-504
3300050821_2888	d__Bacteria|p__Actinobacteriota|c__Actinomycetia|o__Streptosporangiales|f__Streptosporangiaceae|g__Palsa-504
3300050821_390	d__Bacteria|p__Actinobacteriota|c__Actinomycetia|o__Streptosporangiales|f__Streptosporangiaceae|g__Palsa-504
3300050821_1428	d__Bacteria|p__Actinobacteriota|c__Actinomycetia|o__Streptosporangiales|f__Streptosporangiaceae|g__Palsa-506
3300050821_1632	d__Bacteria|p__Actinobacteriota|c__Actinomycetia|o__Streptosporangiales|f__Streptosporangiaceae|g__Palsa-506
3300050821_1633	d__Bacteria|p__Actinobacteriota|c__Actinomycetia|o__Streptosporangiales|f__Streptosporangiaceae|g__Palsa-506
3300050821_1944	d__Bacteria|p__Actinobacteriota|c__Actinomycetia|o__Streptosporangiales|f__Streptosporangiaceae|g__Palsa-506
3300050821_2206	d__Bacteria|p__Actinobacteriota|c__Actinomycetia|o__Streptosporangiales|f__Streptosporangiaceae|g__Palsa-506
3300050821_2262	d__Bacteria|p__Actinobacteriota|c__Actinomycetia|o__Streptosporangiales|f__Streptosporangiaceae|g__Palsa-506
3300050821_2306	d__Bacteria|p__Actinobacteriota|c__Actinomycetia|o__Streptosporangiales|f__Streptosporangiaceae|g__Palsa-506
3300050821_2560	d__Bacteria|p__Actinobacteriota|c__Actinomycetia|o__Streptosporangiales|f__Streptosporangiaceae|g__Palsa-506
3300050821_2723	d__Bacteria|p__Actinobacteriota|c__Actinomycetia|o__Streptosporangiales|f__Streptosporangiaceae|g__Palsa-506
3300050821_2906	d__Bacteria|p__Actinobacteriota|c__Actinomycetia|o__Streptosporangiales|f__Streptosporangiaceae|g__Palsa-506
3300050821_334	d__Bacteria|p__Actinobacteriota|c__Actinomycetia|o__Streptosporangiales|f__Streptosporangiaceae|g__Palsa-506
3300050821_365	d__Bacteria|p__Actinobacteriota|c__Actinomycetia|o__Streptosporangiales|f__Streptosporangiaceae|g__Palsa-506
3300050821_444	d__Bacteria|p__Actinobacteriota|c__Actinomycetia|o__Streptosporangiales|f__Streptosporangiaceae|g__Palsa-506
3300050821_1093	d__Bacteria|p__Actinobacteriota|c__Actinomycetia|o__Streptosporangiales|f__Streptosporangiaceae|g__UBA9676
3300050821_1599	d__Bacteria|p__Actinobacteriota|c__Actinomycetia|o__Streptosporangiales|f__Streptosporangiaceae|g__UBA9676
3300050821_276	d__Bacteria|p__Actinobacteriota|c__Actinomycetia|o__Streptosporangiales|f__Streptosporangiaceae|g__UBA9676
3300050821_2794	d__Bacteria|p__Actinobacteriota|c__Actinomycetia|o__Streptosporangiales|f__Streptosporangiaceae|g__UBA9676
3300050821_1033	d__Bacteria|p__Actinobacteriota|c__Thermoleophilia|o__Solirubrobacterales|f__70-9|g__VAYN01
3300050821_1133	d__Bacteria|p__Actinobacteriota|c__Thermoleophilia|o__Solirubrobacterales|f__Solirubrobacteraceae|g__
3300050821_1618	d__Bacteria|p__Actinobacteriota|c__Thermoleophilia|o__Solirubrobacterales|f__Solirubrobacteraceae|g__
3300050821_2029	d__Bacteria|p__Actinobacteriota|c__Thermoleophilia|o__Solirubrobacterales|f__Solirubrobacteraceae|g__
3300050821_234	d__Bacteria|p__Actinobacteriota|c__Thermoleophilia|o__Solirubrobacterales|f__Solirubrobacteraceae|g__
3300050821_2836	d__Bacteria|p__Actinobacteriota|c__Thermoleophilia|o__Solirubrobacterales|f__Solirubrobacteraceae|g__
3300050821_3	d__Bacteria|p__Actinobacteriota|c__Thermoleophilia|o__Solirubrobacterales|f__Solirubrobacteraceae|g__
3300050821_467	d__Bacteria|p__Actinobacteriota|c__Thermoleophilia|o__Solirubrobacterales|f__Solirubrobacteraceae|g__
3300050821_653	d__Bacteria|p__Actinobacteriota|c__Thermoleophilia|o__Solirubrobacterales|f__Solirubrobacteraceae|g__Conexibacter
3300050821_1198	d__Bacteria|p__Actinobacteriota|c__Thermoleophilia|o__Solirubrobacterales|f__Solirubrobacteraceae|g__Palsa-465
3300050821_1648	d__Bacteria|p__Actinobacteriota|c__Thermoleophilia|o__Solirubrobacterales|f__Solirubrobacteraceae|g__Palsa-465
3300050821_1730	d__Bacteria|p__Actinobacteriota|c__Thermoleophilia|o__Solirubrobacterales|f__Solirubrobacteraceae|g__Palsa-465
3300050821_985	d__Bacteria|p__Actinobacteriota|c__Thermoleophilia|o__Solirubrobacterales|f__Solirubrobacteraceae|g__Palsa-465
3300050821_1148	d__Bacteria|p__Actinobacteriota|c__Thermoleophilia|o__Solirubrobacterales|f__Solirubrobacteraceae|g__Palsa-744
3300050821_1309	d__Bacteria|p__Actinobacteriota|c__Thermoleophilia|o__Solirubrobacterales|f__Solirubrobacteraceae|g__Palsa-744
3300050821_1385	d__Bacteria|p__Actinobacteriota|c__Thermoleophilia|o__Solirubrobacterales|f__Solirubrobacteraceae|g__Palsa-744
3300050821_1450	d__Bacteria|p__Actinobacteriota|c__Thermoleophilia|o__Solirubrobacterales|f__Solirubrobacteraceae|g__Palsa-744
3300050821_2510	d__Bacteria|p__Actinobacteriota|c__Thermoleophilia|o__Solirubrobacterales|f__Solirubrobacteraceae|g__Palsa-744
3300050821_2527	d__Bacteria|p__Actinobacteriota|c__Thermoleophilia|o__Solirubrobacterales|f__Solirubrobacteraceae|g__Palsa-744
3300050821_1238	d__Bacteria|p__Actinobacteriota|c__Thermoleophilia|o__Solirubrobacterales|f__Solirubrobacteraceae|g__Palsa-744
3300050821_1269	d__Bacteria|p__Actinobacteriota|c__Thermoleophilia|o__Solirubrobacterales|f__Solirubrobacteraceae|g__Palsa-744
3300050821_1449	d__Bacteria|p__Actinobacteriota|c__Thermoleophilia|o__Solirubrobacterales|f__Solirubrobacteraceae|g__Palsa-744
3300050821_1494	d__Bacteria|p__Actinobacteriota|c__Thermoleophilia|o__Solirubrobacterales|f__Solirubrobacteraceae|g__Palsa-744
3300050821_1594	d__Bacteria|p__Actinobacteriota|c__Thermoleophilia|o__Solirubrobacterales|f__Solirubrobacteraceae|g__Palsa-744
3300050821_1827	d__Bacteria|p__Actinobacteriota|c__Thermoleophilia|o__Solirubrobacterales|f__Solirubrobacteraceae|g__Palsa-744
3300050821_1920	d__Bacteria|p__Actinobacteriota|c__Thermoleophilia|o__Solirubrobacterales|f__Solirubrobacteraceae|g__Palsa-744
3300050821_2164	d__Bacteria|p__Actinobacteriota|c__Thermoleophilia|o__Solirubrobacterales|f__Solirubrobacteraceae|g__Palsa-744
3300050821_2397	d__Bacteria|p__Actinobacteriota|c__Thermoleophilia|o__Solirubrobacterales|f__Solirubrobacteraceae|g__Palsa-744
3300050821_2515	d__Bacteria|p__Actinobacteriota|c__Thermoleophilia|o__Solirubrobacterales|f__Solirubrobacteraceae|g__Palsa-744
3300050821_2545	d__Bacteria|p__Actinobacteriota|c__Thermoleophilia|o__Solirubrobacterales|f__Solirubrobacteraceae|g__Palsa-744
3300050821_2597	d__Bacteria|p__Actinobacteriota|c__Thermoleophilia|o__Solirubrobacterales|f__Solirubrobacteraceae|g__Palsa-744
3300050821_2619	d__Bacteria|p__Actinobacteriota|c__Thermoleophilia|o__Solirubrobacterales|f__Solirubrobacteraceae|g__Palsa-744
3300050821_275	d__Bacteria|p__Actinobacteriota|c__Thermoleophilia|o__Solirubrobacterales|f__Solirubrobacteraceae|g__Palsa-744
3300050821_2790	d__Bacteria|p__Actinobacteriota|c__Thermoleophilia|o__Solirubrobacterales|f__Solirubrobacteraceae|g__Palsa-744
3300050821_394	d__Bacteria|p__Actinobacteriota|c__Thermoleophilia|o__Solirubrobacterales|f__Solirubrobacteraceae|g__Palsa-744
3300050821_434	d__Bacteria|p__Actinobacteriota|c__Thermoleophilia|o__Solirubrobacterales|f__Solirubrobacteraceae|g__Palsa-744
3300050821_520	d__Bacteria|p__Actinobacteriota|c__Thermoleophilia|o__Solirubrobacterales|f__Solirubrobacteraceae|g__Palsa-744
3300050821_685	d__Bacteria|p__Actinobacteriota|c__Thermoleophilia|o__Solirubrobacterales|f__Solirubrobacteraceae|g__Palsa-744
3300050821_803	d__Bacteria|p__Actinobacteriota|c__Thermoleophilia|o__Solirubrobacterales|f__Solirubrobacteraceae|g__Palsa-744
3300050821_905	d__Bacteria|p__Actinobacteriota|c__Thermoleophilia|o__Solirubrobacterales|f__Solirubrobacteraceae|g__Palsa-744
3300050821_122	d__Bacteria|p__Bacteroidota|c__Bacteroidia|o__AKYH767-A|f__|g__
3300050821_38	d__Bacteria|p__Bacteroidota|c__Bacteroidia|o__AKYH767|f__B-17BO|g__
3300050821_2622	d__Bacteria|p__Bacteroidota|c__Bacteroidia|o__AKYH767|f__B-17BO|g__
3300050821_2534	d__Bacteria|p__Bacteroidota|c__Bacteroidia|o__AKYH767|f__B-17BO|g__PALSA-968
3300050821_1201	d__Bacteria|p__Bacteroidota|c__Bacteroidia|o__AKYH767|f__B-17BO|g__PALSA-968
3300050821_2100	d__Bacteria|p__Bacteroidota|c__Bacteroidia|o__AKYH767|f__B-17BO|g__PALSA-968
3300050821_2208	d__Bacteria|p__Bacteroidota|c__Bacteroidia|o__AKYH767|f__B-17BO|g__PALSA-968
3300050821_2547	d__Bacteria|p__Bacteroidota|c__Bacteroidia|o__AKYH767|f__B-17BO|g__PALSA-968
3300050821_30	d__Bacteria|p__Bacteroidota|c__Bacteroidia|o__AKYH767|f__B-17BO|g__UBA2475
3300050821_1319	d__Bacteria|p__Bacteroidota|c__Bacteroidia|o__AKYH767|f__Palsa-948|g__
3300050821_1533	d__Bacteria|p__Bacteroidota|c__Bacteroidia|o__AKYH767|f__Palsa-948|g__
3300050821_2204	d__Bacteria|p__Bacteroidota|c__Bacteroidia|o__AKYH767|f__Palsa-948|g__
3300050821_2370	d__Bacteria|p__Bacteroidota|c__Bacteroidia|o__AKYH767|f__Palsa-948|g__
3300050821_2554	d__Bacteria|p__Bacteroidota|c__Bacteroidia|o__AKYH767|f__Palsa-948|g__
3300050821_2562	d__Bacteria|p__Bacteroidota|c__Bacteroidia|o__AKYH767|f__Palsa-948|g__
3300050821_1434	d__Bacteria|p__Bacteroidota|c__Bacteroidia|o__AKYH767|f__Palsa-965|g__
3300050821_1734	d__Bacteria|p__Bacteroidota|c__Bacteroidia|o__AKYH767|f__Palsa-965|g__
3300050821_504	d__Bacteria|p__Bacteroidota|c__Bacteroidia|o__AKYH767|f__Palsa-965|g__
3300050821_2963	d__Bacteria|p__Bacteroidota|c__Bacteroidia|o__Chitinophagales|f__Chitinophagaceae|g__Dinghuibacter
3300050821_2549	d__Bacteria|p__Bacteroidota|c__Bacteroidia|o__Chitinophagales|f__Chitinophagaceae|g__Ferruginibacter
3300050821_2599	d__Bacteria|p__Bacteroidota|c__Bacteroidia|o__Chitinophagales|f__Chitinophagaceae|g__Ferruginibacter
3300050821_906	d__Bacteria|p__Bacteroidota|c__Bacteroidia|o__Chitinophagales|f__Chitinophagaceae|g__Ferruginibacter
3300050821_1167	d__Bacteria|p__Bacteroidota|c__Bacteroidia|o__Chitinophagales|f__Chitinophagaceae|g__UBA8621
3300050821_1295	d__Bacteria|p__Bacteroidota|c__Bacteroidia|o__Chitinophagales|f__Chitinophagaceae|g__UBA8621
3300050821_1464	d__Bacteria|p__Bacteroidota|c__Bacteroidia|o__Chitinophagales|f__Chitinophagaceae|g__UBA8621
3300050821_1569	d__Bacteria|p__Bacteroidota|c__Bacteroidia|o__Chitinophagales|f__Chitinophagaceae|g__UBA8621
3300050821_1596	d__Bacteria|p__Bacteroidota|c__Bacteroidia|o__Chitinophagales|f__Chitinophagaceae|g__UBA8621
3300050821_1935	d__Bacteria|p__Bacteroidota|c__Bacteroidia|o__Chitinophagales|f__Chitinophagaceae|g__UBA8621
3300050821_2065	d__Bacteria|p__Bacteroidota|c__Bacteroidia|o__Chitinophagales|f__Chitinophagaceae|g__UBA8621
3300050821_2192	d__Bacteria|p__Bacteroidota|c__Bacteroidia|o__Chitinophagales|f__Chitinophagaceae|g__UBA8621
3300050821_2229	d__Bacteria|p__Bacteroidota|c__Bacteroidia|o__Chitinophagales|f__Chitinophagaceae|g__UBA8621
3300050821_2255	d__Bacteria|p__Bacteroidota|c__Bacteroidia|o__Chitinophagales|f__Chitinophagaceae|g__UBA8621
3300050821_2337	d__Bacteria|p__Bacteroidota|c__Bacteroidia|o__Chitinophagales|f__Chitinophagaceae|g__UBA8621
3300050821_2544	d__Bacteria|p__Bacteroidota|c__Bacteroidia|o__Chitinophagales|f__Chitinophagaceae|g__UBA8621
3300050821_2637	d__Bacteria|p__Bacteroidota|c__Bacteroidia|o__Chitinophagales|f__Chitinophagaceae|g__UBA8621
3300050821_2814	d__Bacteria|p__Bacteroidota|c__Bacteroidia|o__Chitinophagales|f__Chitinophagaceae|g__UBA8621
3300050821_476	d__Bacteria|p__Bacteroidota|c__Bacteroidia|o__Chitinophagales|f__Chitinophagaceae|g__UBA8621
3300050821_50	d__Bacteria|p__Bacteroidota|c__Bacteroidia|o__Chitinophagales|f__Chitinophagaceae|g__UBA8621
3300050821_518	d__Bacteria|p__Bacteroidota|c__Bacteroidia|o__Chitinophagales|f__Chitinophagaceae|g__UBA8621
3300050821_644	d__Bacteria|p__Bacteroidota|c__Bacteroidia|o__Chitinophagales|f__Chitinophagaceae|g__UBA8621
3300050821_971	d__Bacteria|p__Bacteroidota|c__Bacteroidia|o__Chitinophagales|f__Chitinophagaceae|g__UBA8621
3300050821_503	d__Bacteria|p__Bacteroidota|c__Bacteroidia|o__Chitinophagales|f__LD1|g__Bog-950
3300050821_22	d__Bacteria|p__Bacteroidota|c__Bacteroidia|o__Cytophagales|f__Cyclobacteriaceae|g__ELB16-189
3300050821_105	d__Bacteria|p__Bacteroidota|c__Bacteroidia|o__Cytophagales|f__Cytophagaceae|g__
3300050821_1339	d__Bacteria|p__Bacteroidota|c__Bacteroidia|o__Cytophagales|f__Cytophagaceae|g__
3300050821_2288	d__Bacteria|p__Bacteroidota|c__Bacteroidia|o__Cytophagales|f__Cytophagaceae|g__
3300050821_2365	d__Bacteria|p__Bacteroidota|c__Bacteroidia|o__Cytophagales|f__Cytophagaceae|g__
3300050821_330	d__Bacteria|p__Bacteroidota|c__Bacteroidia|o__Cytophagales|f__Cytophagaceae|g__
3300050821_784	d__Bacteria|p__Bacteroidota|c__Bacteroidia|o__Cytophagales|f__Cytophagaceae|g__
3300050821_1210	d__Bacteria|p__Bacteroidota|c__Bacteroidia|o__Cytophagales|f__Cytophagaceae|g__Cytophaga
3300050821_2807	d__Bacteria|p__Bacteroidota|c__Bacteroidia|o__Cytophagales|f__Cytophagaceae|g__Cytophaga
3300050821_1368	d__Bacteria|p__Bacteroidota|c__Bacteroidia|o__Sphingobacteriales|f__Sphingobacteriaceae|g__Mucilaginibacter
3300050821_1442	d__Bacteria|p__Bacteroidota|c__Bacteroidia|o__Sphingobacteriales|f__Sphingobacteriaceae|g__Mucilaginibacter
3300050821_2623	d__Bacteria|p__Bacteroidota|c__Bacteroidia|o__Sphingobacteriales|f__Sphingobacteriaceae|g__Mucilaginibacter
3300050821_9	d__Bacteria|p__Bacteroidota|c__Bacteroidia|o__Sphingobacteriales|f__Sphingobacteriaceae|g__Pedobacter
3300050821_1736	d__Bacteria|p__Bacteroidota|c__Kapabacteria|o__Palsa-1295|f__Palsa-1295|g__PALSA-1295
3300050821_107	d__Bacteria|p__Bacteroidota|c__Kapabacteria|o__Palsa-1295|f__Palsa-1295|g__PALSA-1296
3300050821_1508	d__Bacteria|p__Chloroflexota|c__Ellin6529|o__CSP1-4|f__CSP1-4|g__Palsa-1033
3300050821_2162	d__Bacteria|p__Chloroflexota|c__Ktedonobacteria|o__Ktedonobacterales|f__Ktedonobacteraceae|g__
3300050821_111	d__Bacteria|p__Dependentiae|c__Babeliae|o__Babeliales|f__|g__
3300050821_344	d__Bacteria|p__Dependentiae|c__Babeliae|o__Babeliales|f__Vermiphilaceae|g__
3300050821_522	d__Bacteria|p__Dependentiae|c__Babeliae|o__Babeliales|f__Vermiphilaceae|g__
3300050821_112	d__Bacteria|p__Dependentiae|c__Babeliae|o__Babeliales|f__Vermiphilaceae|g__SOIL31
3300050821_1901	d__Bacteria|p__Dependentiae|c__Babeliae|o__Babeliales|f__Vermiphilaceae|g__SOIL31
3300050821_243	d__Bacteria|p__Dependentiae|c__Babeliae|o__Babeliales|f__Vermiphilaceae|g__SOIL31
3300050821_297	d__Bacteria|p__Dependentiae|c__Babeliae|o__Babeliales|f__Vermiphilaceae|g__SOIL31
3300050821_10	d__Bacteria|p__Desulfobacterota_B|c__Binatia|o__Binatales|f__Binataceae|g__
3300050821_1054	d__Bacteria|p__Desulfobacterota_B|c__Binatia|o__Binatales|f__Binataceae|g__
3300050821_1108	d__Bacteria|p__Desulfobacterota_B|c__Binatia|o__Binatales|f__Binataceae|g__
3300050821_119	d__Bacteria|p__Desulfobacterota_B|c__Binatia|o__Binatales|f__Binataceae|g__
3300050821_1575	d__Bacteria|p__Desulfobacterota_B|c__Binatia|o__Binatales|f__Binataceae|g__
3300050821_1585	d__Bacteria|p__Desulfobacterota_B|c__Binatia|o__Binatales|f__Binataceae|g__
3300050821_1887	d__Bacteria|p__Desulfobacterota_B|c__Binatia|o__Binatales|f__Binataceae|g__
3300050821_2564	d__Bacteria|p__Desulfobacterota_B|c__Binatia|o__Binatales|f__Binataceae|g__
3300050821_2692	d__Bacteria|p__Desulfobacterota_B|c__Binatia|o__Binatales|f__Binataceae|g__
3300050821_339	d__Bacteria|p__Desulfobacterota_B|c__Binatia|o__Binatales|f__Binataceae|g__
3300050821_37	d__Bacteria|p__Desulfobacterota_B|c__Binatia|o__Binatales|f__Binataceae|g__
3300050821_371	d__Bacteria|p__Desulfobacterota_B|c__Binatia|o__Binatales|f__Binataceae|g__
3300050821_812	d__Bacteria|p__Desulfobacterota_B|c__Binatia|o__Binatales|f__Binataceae|g__
3300050821_2304	d__Bacteria|p__Desulfobacterota_B|c__Binatia|o__Binatales|f__Binataceae|g__Binatus
3300050821_651	d__Bacteria|p__Desulfobacterota_B|c__Binatia|o__Binatales|f__Binataceae|g__Binatus
3300050821_2517	d__Bacteria|p__Dormibacterota|c__Dormibacteria|o__CF-121|f__|g__
3300050821_1504	d__Bacteria|p__Dormibacterota|c__Dormibacteria|o__Dormibacterales|f__Dormibacteraceae|g__
3300050821_2717	d__Bacteria|p__Dormibacterota|c__Dormibacteria|o__Dormibacterales|f__Dormibacteraceae|g__
3300050821_752	d__Bacteria|p__Dormibacterota|c__Dormibacteria|o__Dormibacterales|f__Dormibacteraceae|g__CF-161
3300050821_45	d__Bacteria|p__Dormibacterota|c__Dormibacteria|o__Dormibacterales|f__Dormibacteraceae|g__Palsa-872
3300050821_1458	d__Bacteria|p__Dormibacterota|c__Dormibacteria|o__UBA8260|f__UBA8260|g__
3300050821_113	d__Bacteria|p__Eremiobacterota|c__Eremiobacteria|o__Eremiobacterales|f__Eremiobacteraceae|g__
3300050821_1237	d__Bacteria|p__Eremiobacterota|c__Eremiobacteria|o__Eremiobacterales|f__Eremiobacteraceae|g__
3300050821_247	d__Bacteria|p__Eremiobacterota|c__Eremiobacteria|o__Eremiobacterales|f__Eremiobacteraceae|g__
3300050821_2819	d__Bacteria|p__Eremiobacterota|c__Eremiobacteria|o__UBP12|f__UBA5184|g__
3300050821_1069	d__Bacteria|p__Eremiobacterota|c__Eremiobacteria|o__UBP12|f__UBA5184|g__Palsa-1483
3300050821_1236	d__Bacteria|p__Eremiobacterota|c__Eremiobacteria|o__UBP12|f__UBA5184|g__Palsa-1483
3300050821_2323	d__Bacteria|p__Eremiobacterota|c__Eremiobacteria|o__UBP12|f__UBA5184|g__Palsa-1483
3300050821_2382	d__Bacteria|p__Eremiobacterota|c__Eremiobacteria|o__UBP12|f__UBA5184|g__Palsa-1483
3300050821_412	d__Bacteria|p__Eremiobacterota|c__Eremiobacteria|o__UBP12|f__UBA5184|g__Palsa-1483
3300050821_1513	d__Bacteria|p__Eremiobacterota|c__Eremiobacteria|o__UBP12|f__UBA5184|g__PALSA-1484
3300050821_1545	d__Bacteria|p__Eremiobacterota|c__Eremiobacteria|o__UBP12|f__UBA5184|g__PALSA-1484
3300050821_2436	d__Bacteria|p__Eremiobacterota|c__Eremiobacteria|o__UBP12|f__UBA5184|g__PALSA-1529
3300050821_1338	d__Bacteria|p__FCPU426|c__|o__|f__|g__
3300050821_1227	d__Bacteria|p__FCPU426|c__|o__|f__|g__
3300050821_746	d__Bacteria|p__FCPU426|c__|o__|f__|g__
3300050821_2586	d__Bacteria|p__FCPU426|c__Palsa-1180|o__Palsa-1180|f__Palsa-1180|g__
3300050821_139	d__Bacteria|p__Gemmatimonadota|c__Gemmatimonadetes|o__Gemmatimonadales|f__Gemmatimonadaceae|g__
3300050821_656	d__Bacteria|p__Gemmatimonadota|c__Gemmatimonadetes|o__Gemmatimonadales|f__Gemmatimonadaceae|g__
3300050821_1377	d__Bacteria|p__Gemmatimonadota|c__Gemmatimonadetes|o__Gemmatimonadales|f__Gemmatimonadaceae|g__Fen-1231
3300050821_2398	d__Bacteria|p__Gemmatimonadota|c__Gemmatimonadetes|o__Gemmatimonadales|f__Gemmatimonadaceae|g__Fen-1231
3300050821_258	d__Bacteria|p__Gemmatimonadota|c__Gemmatimonadetes|o__Gemmatimonadales|f__Gemmatimonadaceae|g__Fen-1231
3300050821_1740	d__Bacteria|p__Gemmatimonadota|c__Gemmatimonadetes|o__Gemmatimonadales|f__Gemmatimonadaceae|g__Palsa-1248
3300050821_1112	d__Bacteria|p__Gemmatimonadota|c__Gemmatimonadetes|o__Gemmatimonadales|f__GWC2-71-9|g__
3300050821_2954	d__Bacteria|p__Gemmatimonadota|c__Gemmatimonadetes|o__Gemmatimonadales|f__GWC2-71-9|g__SPDF01
3300050821_1818	d__Bacteria|p__Myxococcota|c__Myxococcia|o__Myxococcales|f__Myxococcaceae|g__
3300050821_1186	d__Bacteria|p__Myxococcota|c__Polyangia|o__Haliangiales|f__Haliangiaceae|g__
3300050821_1836	d__Bacteria|p__Myxococcota|c__Polyangia|o__Haliangiales|f__Haliangiaceae|g__
3300050821_1971	d__Bacteria|p__Myxococcota|c__Polyangia|o__Palsa-1104|f__Fen-1088|g__
3300050821_101	d__Bacteria|p__Myxococcota|c__Polyangia|o__Polyangiales|f__Polyangiaceae|g__
3300050821_1221	d__Bacteria|p__Myxococcota|c__Polyangia|o__Polyangiales|f__Polyangiaceae|g__
3300050821_124	d__Bacteria|p__Myxococcota|c__Polyangia|o__Polyangiales|f__Polyangiaceae|g__
3300050821_1588	d__Bacteria|p__Myxococcota|c__Polyangia|o__Polyangiales|f__Polyangiaceae|g__
3300050821_1718	d__Bacteria|p__Myxococcota|c__Polyangia|o__Polyangiales|f__Polyangiaceae|g__
3300050821_1945	d__Bacteria|p__Myxococcota|c__Polyangia|o__Polyangiales|f__Polyangiaceae|g__
3300050821_2216	d__Bacteria|p__Myxococcota|c__Polyangia|o__Polyangiales|f__Polyangiaceae|g__
3300050821_2546	d__Bacteria|p__Myxococcota|c__Polyangia|o__Polyangiales|f__Polyangiaceae|g__
3300050821_2557	d__Bacteria|p__Myxococcota|c__Polyangia|o__Polyangiales|f__Polyangiaceae|g__
3300050821_2716	d__Bacteria|p__Myxococcota|c__Polyangia|o__Polyangiales|f__Polyangiaceae|g__
3300050821_2761	d__Bacteria|p__Myxococcota|c__Polyangia|o__Polyangiales|f__Polyangiaceae|g__
3300050821_2808	d__Bacteria|p__Myxococcota|c__Polyangia|o__Polyangiales|f__Polyangiaceae|g__
3300050821_2907	d__Bacteria|p__Myxococcota|c__Polyangia|o__Polyangiales|f__Polyangiaceae|g__
3300050821_2997	d__Bacteria|p__Myxococcota|c__Polyangia|o__Polyangiales|f__Polyangiaceae|g__
3300050821_423	d__Bacteria|p__Myxococcota|c__Polyangia|o__Polyangiales|f__Polyangiaceae|g__
3300050821_695	d__Bacteria|p__Myxococcota|c__Polyangia|o__Polyangiales|f__Polyangiaceae|g__
3300050821_824	d__Bacteria|p__Myxococcota|c__Polyangia|o__Polyangiales|f__Polyangiaceae|g__
3300050821_1559	d__Bacteria|p__Myxococcota|c__Polyangia|o__Polyangiales|f__Polyangiaceae|g__Palsa-1150
3300050821_226	d__Bacteria|p__Myxococcota|c__Polyangia|o__Polyangiales|f__Polyangiaceae|g__Palsa-1150
3300050821_2648	d__Bacteria|p__Myxococcota|c__Polyangia|o__Polyangiales|f__Polyangiaceae|g__Palsa-1150
3300050821_2654	d__Bacteria|p__Myxococcota|c__Polyangia|o__Polyangiales|f__Polyangiaceae|g__Palsa-1150
3300050821_2680	d__Bacteria|p__Myxococcota|c__Polyangia|o__Polyangiales|f__Polyangiaceae|g__Palsa-1150
3300050821_2738	d__Bacteria|p__Myxococcota|c__Polyangia|o__Polyangiales|f__Polyangiaceae|g__Palsa-1150
3300050821_1256	d__Bacteria|p__Myxococcota|c__Polyangia|o__Polyangiales|f__Polyangiaceae|g__PALSA-1152
3300050821_1265	d__Bacteria|p__Myxococcota|c__Polyangia|o__Polyangiales|f__Polyangiaceae|g__PALSA-1152
3300050821_278	d__Bacteria|p__Myxococcota|c__Polyangia|o__Polyangiales|f__Polyangiaceae|g__PALSA-1152
3300050821_1082	d__Bacteria|p__Myxococcota|c__Polyangia|o__Polyangiales|f__Polyangiaceae|g__PMG-095
3300050821_2591	d__Bacteria|p__Myxococcota|c__Polyangia|o__Polyangiales|f__Polyangiaceae|g__PMG-095
3300050821_298	d__Bacteria|p__Myxococcota|c__Polyangia|o__Polyangiales|f__Polyangiaceae|g__PMG-095
3300050821_1512	d__Bacteria|p__Nitrospirota|c__Nitrospiria|o__|f__|g__
3300050821_2522	d__Bacteria|p__Omnitrophota|c__Koll11|o__UBA10015|f__GCA-002753745|g__
3300050821_871	d__Bacteria|p__Omnitrophota|c__Koll11|o__UBA10015|f__GCA-002753745|g__
3300050821_2172	d__Bacteria|p__Patescibacteria|c__Doudnabacteria|o__UBA920|f__O2-02-FULL-48-8|g__2-01-FULL-45-18
3300050821_533	d__Bacteria|p__Patescibacteria|c__Doudnabacteria|o__UBA920|f__O2-02-FULL-48-8|g__2-01-FULL-45-18
3300050821_1899	d__Bacteria|p__Patescibacteria|c__Microgenomatia|o__Levybacterales|f__UBA12049|g__
3300050821_2421	d__Bacteria|p__Patescibacteria|c__Microgenomatia|o__Levybacterales|f__UBA12049|g__
3300050821_411	d__Bacteria|p__Patescibacteria|c__Microgenomatia|o__Levybacterales|f__UBA12049|g__
3300050821_2125	d__Bacteria|p__Patescibacteria|c__Paceibacteria|o__UBA6257|f__2-01-FULL-56-20|g__
3300050821_308	d__Bacteria|p__Patescibacteria|c__Paceibacteria|o__UBA6257|f__2-01-FULL-56-20|g__
3300050821_1572	d__Bacteria|p__Patescibacteria|c__Paceibacteria|o__UBA9983|f__UBA2163|g__UBA10103
3300050821_1801	d__Bacteria|p__Patescibacteria|c__Paceibacteria|o__UBA9983|f__UBA2163|g__UBA10103
3300050821_380	d__Bacteria|p__Patescibacteria|c__Paceibacteria|o__UBA9983|f__UBA2163|g__UBA10103
3300050821_2542	d__Bacteria|p__Patescibacteria|c__Paceibacteria|o__UBA9983|f__UBA9973|g__UBA4124
3300050821_2076	d__Bacteria|p__Patescibacteria|c__Paceibacteria|o__UBA9983|f__UBA9973|g__UBA9973
3300050821_1493	d__Bacteria|p__Patescibacteria|c__Saccharimonadia|o__Saccharimonadales|f__Saccharimonadaceae|g__
3300050821_370	d__Bacteria|p__Patescibacteria|c__Saccharimonadia|o__Saccharimonadales|f__UBA4665|g__UBA5150
3300050821_2514	d__Bacteria|p__Patescibacteria|c__Saccharimonadia|o__Saccharimonadales|f__UBA4665|g__UBA6224
3300050821_2830	d__Bacteria|p__Planctomycetota|c__MHYJ01|o__MHYJ01|f__|g__
3300050821_1150	d__Bacteria|p__Planctomycetota|c__Phycisphaerae|o__UBA1161|f__UBA1161|g__
3300050821_587	d__Bacteria|p__Planctomycetota|c__Phycisphaerae|o__UBA1161|f__UBA1161|g__
3300050821_1636	d__Bacteria|p__Planctomycetota|c__Planctomycetes|o__Gemmatales|f__Gemmataceae|g__
3300050821_1037	d__Bacteria|p__Planctomycetota|c__Planctomycetes|o__Pirellulales|f__PALSA-1355|g__
3300050821_2569	d__Bacteria|p__Planctomycetota|c__Planctomycetes|o__Pirellulales|f__PALSA-1355|g__
3300050821_2218	d__Bacteria|p__Planctomycetota|c__Planctomycetes|o__Planctomycetales|f__Planctomycetaceae|g__
3300050821_2587	d__Bacteria|p__Planctomycetota|c__Planctomycetes|o__Planctomycetales|f__Planctomycetaceae|g__
3300050821_313	d__Bacteria|p__Planctomycetota|c__Planctomycetes|o__Planctomycetales|f__Planctomycetaceae|g__
3300050821_2924	d__Bacteria|p__Planctomycetota|c__UBA11346|o__UBA11346|f__UBA11346|g__
3300050821_1583	d__Bacteria|p__Planctomycetota|c__UBA11346|o__UBA11346|f__UBA11346|g__BOG-1363
3300050821_1839	d__Bacteria|p__Proteobacteria|c__Alphaproteobacteria|o__Acetobacterales|f__Acetobacteraceae|g__
3300050821_2750	d__Bacteria|p__Proteobacteria|c__Alphaproteobacteria|o__Acetobacterales|f__Acetobacteraceae|g__
3300050821_2831	d__Bacteria|p__Proteobacteria|c__Alphaproteobacteria|o__Acetobacterales|f__Acetobacteraceae|g__BOG-934
3300050821_1380	d__Bacteria|p__Proteobacteria|c__Alphaproteobacteria|o__Acetobacterales|f__Acetobacteraceae|g__Palsa-883
3300050821_1028	d__Bacteria|p__Proteobacteria|c__Alphaproteobacteria|o__Acetobacterales|f__Acetobacteraceae|g__Palsa-883
3300050821_1085	d__Bacteria|p__Proteobacteria|c__Alphaproteobacteria|o__Acetobacterales|f__Acetobacteraceae|g__Palsa-883
3300050821_12	d__Bacteria|p__Proteobacteria|c__Alphaproteobacteria|o__Acetobacterales|f__Acetobacteraceae|g__Palsa-883
3300050821_2017	d__Bacteria|p__Proteobacteria|c__Alphaproteobacteria|o__Acetobacterales|f__Acetobacteraceae|g__Palsa-883
3300050821_21	d__Bacteria|p__Proteobacteria|c__Alphaproteobacteria|o__Acetobacterales|f__Acetobacteraceae|g__Palsa-883
3300050821_2281	d__Bacteria|p__Proteobacteria|c__Alphaproteobacteria|o__Acetobacterales|f__Acetobacteraceae|g__Palsa-883
3300050821_2313	d__Bacteria|p__Proteobacteria|c__Alphaproteobacteria|o__Acetobacterales|f__Acetobacteraceae|g__Palsa-883
3300050821_328	d__Bacteria|p__Proteobacteria|c__Alphaproteobacteria|o__Acetobacterales|f__Acetobacteraceae|g__Palsa-883
3300050821_462	d__Bacteria|p__Proteobacteria|c__Alphaproteobacteria|o__Acetobacterales|f__Acetobacteraceae|g__Palsa-883
3300050821_1017	d__Bacteria|p__Proteobacteria|c__Alphaproteobacteria|o__Acetobacterales|f__Acetobacteraceae|g__Rhodopila
3300050821_1219	d__Bacteria|p__Proteobacteria|c__Alphaproteobacteria|o__Acetobacterales|f__Acetobacteraceae|g__Rhodopila
3300050821_229	d__Bacteria|p__Proteobacteria|c__Alphaproteobacteria|o__Acetobacterales|f__Acetobacteraceae|g__Rhodopila
3300050821_2566	d__Bacteria|p__Proteobacteria|c__Alphaproteobacteria|o__Acetobacterales|f__Acetobacteraceae|g__Rhodopila
3300050821_2776	d__Bacteria|p__Proteobacteria|c__Alphaproteobacteria|o__Acetobacterales|f__Acetobacteraceae|g__Rhodopila
3300050821_960	d__Bacteria|p__Proteobacteria|c__Alphaproteobacteria|o__Acetobacterales|f__Acetobacteraceae|g__Rhodopila
3300050821_1229	d__Bacteria|p__Proteobacteria|c__Alphaproteobacteria|o__ATCC43930|f__Stellaceae|g__
3300050821_1359	d__Bacteria|p__Proteobacteria|c__Alphaproteobacteria|o__ATCC43930|f__Stellaceae|g__
3300050821_1600	d__Bacteria|p__Proteobacteria|c__Alphaproteobacteria|o__ATCC43930|f__Stellaceae|g__
3300050821_210	d__Bacteria|p__Proteobacteria|c__Alphaproteobacteria|o__ATCC43930|f__Stellaceae|g__
3300050821_671	d__Bacteria|p__Proteobacteria|c__Alphaproteobacteria|o__ATCC43930|f__Stellaceae|g__AP-15
3300050821_1008	d__Bacteria|p__Proteobacteria|c__Alphaproteobacteria|o__ATCC43930|f__Stellaceae|g__AP-15
3300050821_1098	d__Bacteria|p__Proteobacteria|c__Alphaproteobacteria|o__ATCC43930|f__Stellaceae|g__AP-15
3300050821_1105	d__Bacteria|p__Proteobacteria|c__Alphaproteobacteria|o__ATCC43930|f__Stellaceae|g__AP-15
3300050821_1498	d__Bacteria|p__Proteobacteria|c__Alphaproteobacteria|o__ATCC43930|f__Stellaceae|g__AP-15
3300050821_1574	d__Bacteria|p__Proteobacteria|c__Alphaproteobacteria|o__ATCC43930|f__Stellaceae|g__AP-15
3300050821_1611	d__Bacteria|p__Proteobacteria|c__Alphaproteobacteria|o__ATCC43930|f__Stellaceae|g__AP-15
3300050821_1692	d__Bacteria|p__Proteobacteria|c__Alphaproteobacteria|o__ATCC43930|f__Stellaceae|g__AP-15
3300050821_1820	d__Bacteria|p__Proteobacteria|c__Alphaproteobacteria|o__ATCC43930|f__Stellaceae|g__AP-15
3300050821_1989	d__Bacteria|p__Proteobacteria|c__Alphaproteobacteria|o__ATCC43930|f__Stellaceae|g__AP-15
3300050821_2140	d__Bacteria|p__Proteobacteria|c__Alphaproteobacteria|o__ATCC43930|f__Stellaceae|g__AP-15
3300050821_2349	d__Bacteria|p__Proteobacteria|c__Alphaproteobacteria|o__ATCC43930|f__Stellaceae|g__AP-15
3300050821_244	d__Bacteria|p__Proteobacteria|c__Alphaproteobacteria|o__ATCC43930|f__Stellaceae|g__AP-15
3300050821_2613	d__Bacteria|p__Proteobacteria|c__Alphaproteobacteria|o__ATCC43930|f__Stellaceae|g__AP-15
3300050821_2822	d__Bacteria|p__Proteobacteria|c__Alphaproteobacteria|o__ATCC43930|f__Stellaceae|g__AP-15
3300050821_2989	d__Bacteria|p__Proteobacteria|c__Alphaproteobacteria|o__ATCC43930|f__Stellaceae|g__AP-15
3300050821_331	d__Bacteria|p__Proteobacteria|c__Alphaproteobacteria|o__ATCC43930|f__Stellaceae|g__AP-15
3300050821_378	d__Bacteria|p__Proteobacteria|c__Alphaproteobacteria|o__ATCC43930|f__Stellaceae|g__AP-15
3300050821_471	d__Bacteria|p__Proteobacteria|c__Alphaproteobacteria|o__ATCC43930|f__Stellaceae|g__AP-15
3300050821_775	d__Bacteria|p__Proteobacteria|c__Alphaproteobacteria|o__ATCC43930|f__Stellaceae|g__AP-15
3300050821_82	d__Bacteria|p__Proteobacteria|c__Alphaproteobacteria|o__ATCC43930|f__Stellaceae|g__AP-15
3300050821_856	d__Bacteria|p__Proteobacteria|c__Alphaproteobacteria|o__ATCC43930|f__Stellaceae|g__AP-15
3300050821_887	d__Bacteria|p__Proteobacteria|c__Alphaproteobacteria|o__ATCC43930|f__Stellaceae|g__AP-15
3300050821_946	d__Bacteria|p__Proteobacteria|c__Alphaproteobacteria|o__ATCC43930|f__Stellaceae|g__AP-15
3300050821_1764	d__Bacteria|p__Proteobacteria|c__Alphaproteobacteria|o__Azospirillales_A|f__BOG-932|g__BOG-932
3300050821_2656	d__Bacteria|p__Proteobacteria|c__Alphaproteobacteria|o__Azospirillales_A|f__BOG-932|g__BOG-932
3300050821_2185	d__Bacteria|p__Proteobacteria|c__Alphaproteobacteria|o__Caulobacterales|f__Caulobacteraceae|g__
3300050821_1460	d__Bacteria|p__Proteobacteria|c__Alphaproteobacteria|o__Caulobacterales|f__Caulobacteraceae|g__BOG-935
3300050821_23	d__Bacteria|p__Proteobacteria|c__Alphaproteobacteria|o__Caulobacterales|f__Caulobacteraceae|g__BOG-935
3300050821_2629	d__Bacteria|p__Proteobacteria|c__Alphaproteobacteria|o__Caulobacterales|f__Caulobacteraceae|g__BOG-935
3300050821_2737	d__Bacteria|p__Proteobacteria|c__Alphaproteobacteria|o__Caulobacterales|f__Caulobacteraceae|g__BOG-935
3300050821_2945	d__Bacteria|p__Proteobacteria|c__Alphaproteobacteria|o__Caulobacterales|f__Caulobacteraceae|g__BOG-935
3300050821_834	d__Bacteria|p__Proteobacteria|c__Alphaproteobacteria|o__Caulobacterales|f__Caulobacteraceae|g__BOG-935
3300050821_2651	d__Bacteria|p__Proteobacteria|c__Alphaproteobacteria|o__Caulobacterales|f__Caulobacteraceae|g__Palsa-881
3300050821_2699	d__Bacteria|p__Proteobacteria|c__Alphaproteobacteria|o__Caulobacterales|f__Caulobacteraceae|g__Palsa-881
3300050821_2731	d__Bacteria|p__Proteobacteria|c__Alphaproteobacteria|o__Caulobacterales|f__Caulobacteraceae|g__Palsa-881
3300050821_1114	d__Bacteria|p__Proteobacteria|c__Alphaproteobacteria|o__Caulobacterales|f__Caulobacteraceae|g__Phenylobacterium
3300050821_1232	d__Bacteria|p__Proteobacteria|c__Alphaproteobacteria|o__Caulobacterales|f__Caulobacteraceae|g__Phenylobacterium
3300050821_2513	d__Bacteria|p__Proteobacteria|c__Alphaproteobacteria|o__Dongiales|f__Dongiaceae|g__
3300050821_2563	d__Bacteria|p__Proteobacteria|c__Alphaproteobacteria|o__Dongiales|f__Dongiaceae|g__
3300050821_729	d__Bacteria|p__Proteobacteria|c__Alphaproteobacteria|o__Dongiales|f__Dongiaceae|g__
3300050821_1467	d__Bacteria|p__Proteobacteria|c__Alphaproteobacteria|o__Reyranellales|f__Reyranellaceae|g__Reyranella
3300050821_544	d__Bacteria|p__Proteobacteria|c__Alphaproteobacteria|o__Reyranellales|f__Reyranellaceae|g__Reyranella
3300050821_1438	d__Bacteria|p__Proteobacteria|c__Alphaproteobacteria|o__Rhizobiales|f__Beijerinckiaceae|g__
3300050821_205	d__Bacteria|p__Proteobacteria|c__Alphaproteobacteria|o__Rhizobiales|f__Beijerinckiaceae|g__
3300050821_839	d__Bacteria|p__Proteobacteria|c__Alphaproteobacteria|o__Rhizobiales|f__Beijerinckiaceae|g__
3300050821_270	d__Bacteria|p__Proteobacteria|c__Alphaproteobacteria|o__Rhizobiales|f__Beijerinckiaceae|g__GAS188
3300050821_1207	d__Bacteria|p__Proteobacteria|c__Alphaproteobacteria|o__Rhizobiales|f__Beijerinckiaceae|g__Methylocella
3300050821_2857	d__Bacteria|p__Proteobacteria|c__Alphaproteobacteria|o__Rhizobiales|f__Beijerinckiaceae|g__Roseiarcus
3300050821_883	d__Bacteria|p__Proteobacteria|c__Alphaproteobacteria|o__Rhizobiales|f__Beijerinckiaceae|g__Roseiarcus
3300050821_90	d__Bacteria|p__Proteobacteria|c__Alphaproteobacteria|o__Rhizobiales|f__Hyphomicrobiaceae|g__AWTP1-13
3300050821_1846	d__Bacteria|p__Proteobacteria|c__Alphaproteobacteria|o__Rhizobiales|f__Labraceae|g__Labrys
3300050821_1355	d__Bacteria|p__Proteobacteria|c__Alphaproteobacteria|o__Rhizobiales|f__Rhodomicrobiaceae|g__FEN-921
3300050821_1007	d__Bacteria|p__Proteobacteria|c__Alphaproteobacteria|o__Rhizobiales|f__Xanthobacteraceae|g__
3300050821_1831	d__Bacteria|p__Proteobacteria|c__Alphaproteobacteria|o__Rhizobiales|f__Xanthobacteraceae|g__
3300050821_2093	d__Bacteria|p__Proteobacteria|c__Alphaproteobacteria|o__Rhizobiales|f__Xanthobacteraceae|g__
3300050821_2783	d__Bacteria|p__Proteobacteria|c__Alphaproteobacteria|o__Rhizobiales|f__Xanthobacteraceae|g__
3300050821_397	d__Bacteria|p__Proteobacteria|c__Alphaproteobacteria|o__Rhizobiales|f__Xanthobacteraceae|g__
3300050821_447	d__Bacteria|p__Proteobacteria|c__Alphaproteobacteria|o__Rhizobiales|f__Xanthobacteraceae|g__
3300050821_864	d__Bacteria|p__Proteobacteria|c__Alphaproteobacteria|o__Rhizobiales|f__Xanthobacteraceae|g__
3300050821_990	d__Bacteria|p__Proteobacteria|c__Alphaproteobacteria|o__Rhizobiales|f__Xanthobacteraceae|g__
3300050821_1333	d__Bacteria|p__Proteobacteria|c__Alphaproteobacteria|o__Rhizobiales|f__Xanthobacteraceae|g__BOG-931
3300050821_1386	d__Bacteria|p__Proteobacteria|c__Alphaproteobacteria|o__Rhizobiales|f__Xanthobacteraceae|g__BOG-931
3300050821_1455	d__Bacteria|p__Proteobacteria|c__Alphaproteobacteria|o__Rhizobiales|f__Xanthobacteraceae|g__BOG-931
3300050821_1478	d__Bacteria|p__Proteobacteria|c__Alphaproteobacteria|o__Rhizobiales|f__Xanthobacteraceae|g__BOG-931
3300050821_1653	d__Bacteria|p__Proteobacteria|c__Alphaproteobacteria|o__Rhizobiales|f__Xanthobacteraceae|g__BOG-931
3300050821_19	d__Bacteria|p__Proteobacteria|c__Alphaproteobacteria|o__Rhizobiales|f__Xanthobacteraceae|g__BOG-931
3300050821_2219	d__Bacteria|p__Proteobacteria|c__Alphaproteobacteria|o__Rhizobiales|f__Xanthobacteraceae|g__BOG-931
3300050821_228	d__Bacteria|p__Proteobacteria|c__Alphaproteobacteria|o__Rhizobiales|f__Xanthobacteraceae|g__BOG-931
3300050821_2548	d__Bacteria|p__Proteobacteria|c__Alphaproteobacteria|o__Rhizobiales|f__Xanthobacteraceae|g__BOG-931
3300050821_2646	d__Bacteria|p__Proteobacteria|c__Alphaproteobacteria|o__Rhizobiales|f__Xanthobacteraceae|g__BOG-931
3300050821_2778	d__Bacteria|p__Proteobacteria|c__Alphaproteobacteria|o__Rhizobiales|f__Xanthobacteraceae|g__BOG-931
3300050821_287	d__Bacteria|p__Proteobacteria|c__Alphaproteobacteria|o__Rhizobiales|f__Xanthobacteraceae|g__BOG-931
3300050821_2994	d__Bacteria|p__Proteobacteria|c__Alphaproteobacteria|o__Rhizobiales|f__Xanthobacteraceae|g__BOG-931
3300050821_33	d__Bacteria|p__Proteobacteria|c__Alphaproteobacteria|o__Rhizobiales|f__Xanthobacteraceae|g__BOG-931
3300050821_523	d__Bacteria|p__Proteobacteria|c__Alphaproteobacteria|o__Rhizobiales|f__Xanthobacteraceae|g__BOG-931
3300050821_641	d__Bacteria|p__Proteobacteria|c__Alphaproteobacteria|o__Rhizobiales|f__Xanthobacteraceae|g__BOG-931
3300050821_7	d__Bacteria|p__Proteobacteria|c__Alphaproteobacteria|o__Rhizobiales|f__Xanthobacteraceae|g__BOG-931
3300050821_961	d__Bacteria|p__Proteobacteria|c__Alphaproteobacteria|o__Rhizobiales|f__Xanthobacteraceae|g__BOG-931
3300050821_1214	d__Bacteria|p__Proteobacteria|c__Alphaproteobacteria|o__Rhizobiales|f__Xanthobacteraceae|g__Bradyrhizobium
3300050821_1251	d__Bacteria|p__Proteobacteria|c__Alphaproteobacteria|o__Rhizobiales|f__Xanthobacteraceae|g__Bradyrhizobium
3300050821_1301	d__Bacteria|p__Proteobacteria|c__Alphaproteobacteria|o__Rhizobiales|f__Xanthobacteraceae|g__Bradyrhizobium
3300050821_1391	d__Bacteria|p__Proteobacteria|c__Alphaproteobacteria|o__Rhizobiales|f__Xanthobacteraceae|g__Bradyrhizobium
3300050821_1398	d__Bacteria|p__Proteobacteria|c__Alphaproteobacteria|o__Rhizobiales|f__Xanthobacteraceae|g__Bradyrhizobium
3300050821_1614	d__Bacteria|p__Proteobacteria|c__Alphaproteobacteria|o__Rhizobiales|f__Xanthobacteraceae|g__Bradyrhizobium
3300050821_1738	d__Bacteria|p__Proteobacteria|c__Alphaproteobacteria|o__Rhizobiales|f__Xanthobacteraceae|g__Bradyrhizobium
3300050821_2197	d__Bacteria|p__Proteobacteria|c__Alphaproteobacteria|o__Rhizobiales|f__Xanthobacteraceae|g__Bradyrhizobium
3300050821_2507	d__Bacteria|p__Proteobacteria|c__Alphaproteobacteria|o__Rhizobiales|f__Xanthobacteraceae|g__Bradyrhizobium
3300050821_2581	d__Bacteria|p__Proteobacteria|c__Alphaproteobacteria|o__Rhizobiales|f__Xanthobacteraceae|g__Bradyrhizobium
3300050821_2625	d__Bacteria|p__Proteobacteria|c__Alphaproteobacteria|o__Rhizobiales|f__Xanthobacteraceae|g__Bradyrhizobium
3300050821_2801	d__Bacteria|p__Proteobacteria|c__Alphaproteobacteria|o__Rhizobiales|f__Xanthobacteraceae|g__Bradyrhizobium
3300050821_4	d__Bacteria|p__Proteobacteria|c__Alphaproteobacteria|o__Rhizobiales|f__Xanthobacteraceae|g__Bradyrhizobium
3300050821_40	d__Bacteria|p__Proteobacteria|c__Alphaproteobacteria|o__Rhizobiales|f__Xanthobacteraceae|g__Bradyrhizobium
3300050821_409	d__Bacteria|p__Proteobacteria|c__Alphaproteobacteria|o__Rhizobiales|f__Xanthobacteraceae|g__Bradyrhizobium
3300050821_464	d__Bacteria|p__Proteobacteria|c__Alphaproteobacteria|o__Rhizobiales|f__Xanthobacteraceae|g__Bradyrhizobium
3300050821_466	d__Bacteria|p__Proteobacteria|c__Alphaproteobacteria|o__Rhizobiales|f__Xanthobacteraceae|g__Bradyrhizobium
3300050821_62	d__Bacteria|p__Proteobacteria|c__Alphaproteobacteria|o__Rhizobiales|f__Xanthobacteraceae|g__Bradyrhizobium
3300050821_716	d__Bacteria|p__Proteobacteria|c__Alphaproteobacteria|o__Rhizobiales|f__Xanthobacteraceae|g__Bradyrhizobium
3300050821_950	d__Bacteria|p__Proteobacteria|c__Alphaproteobacteria|o__Rhizobiales|f__Xanthobacteraceae|g__P52-10
3300050821_2936	d__Bacteria|p__Proteobacteria|c__Alphaproteobacteria|o__Rhizobiales|f__Xanthobacteraceae|g__Palsa-892
3300050821_1280	d__Bacteria|p__Proteobacteria|c__Alphaproteobacteria|o__Rhizobiales|f__Xanthobacteraceae|g__VAZQ01
3300050821_1593	d__Bacteria|p__Proteobacteria|c__Alphaproteobacteria|o__Rhizobiales|f__Xanthobacteraceae|g__VAZQ01
3300050821_1668	d__Bacteria|p__Proteobacteria|c__Alphaproteobacteria|o__Rhizobiales|f__Xanthobacteraceae|g__VAZQ01
3300050821_2630	d__Bacteria|p__Proteobacteria|c__Alphaproteobacteria|o__Rhizobiales|f__Xanthobacteraceae|g__VAZQ01
3300050821_2797	d__Bacteria|p__Proteobacteria|c__Alphaproteobacteria|o__Rhizobiales|f__Xanthobacteraceae|g__VAZQ01
3300050821_2809	d__Bacteria|p__Proteobacteria|c__Alphaproteobacteria|o__Rhizobiales|f__Xanthobacteraceae|g__VAZQ01
3300050821_1220	d__Bacteria|p__Proteobacteria|c__Alphaproteobacteria|o__UBA1301|f__UBA1301|g__
3300050821_1058	d__Bacteria|p__Proteobacteria|c__Alphaproteobacteria|o__UBA1301|f__UBA1301|g__UBA6038
3300050821_1267	d__Bacteria|p__Proteobacteria|c__Alphaproteobacteria|o__UBA1301|f__UBA1301|g__UBA6038
3300050821_1626	d__Bacteria|p__Proteobacteria|c__Alphaproteobacteria|o__UBA1301|f__UBA1301|g__UBA6038
3300050821_1704	d__Bacteria|p__Proteobacteria|c__Alphaproteobacteria|o__UBA1301|f__UBA1301|g__UBA6038
3300050821_1749	d__Bacteria|p__Proteobacteria|c__Alphaproteobacteria|o__UBA1301|f__UBA1301|g__UBA6038
3300050821_2244	d__Bacteria|p__Proteobacteria|c__Alphaproteobacteria|o__UBA1301|f__UBA1301|g__UBA6038
3300050821_2618	d__Bacteria|p__Proteobacteria|c__Alphaproteobacteria|o__UBA1301|f__UBA1301|g__UBA6038
3300050821_2728	d__Bacteria|p__Proteobacteria|c__Alphaproteobacteria|o__UBA1301|f__UBA1301|g__UBA6038
3300050821_2730	d__Bacteria|p__Proteobacteria|c__Alphaproteobacteria|o__UBA1301|f__UBA1301|g__UBA6038
3300050821_2800	d__Bacteria|p__Proteobacteria|c__Alphaproteobacteria|o__UBA1301|f__UBA1301|g__UBA6038
3300050821_400	d__Bacteria|p__Proteobacteria|c__Alphaproteobacteria|o__UBA1301|f__UBA1301|g__UBA6038
3300050821_60	d__Bacteria|p__Proteobacteria|c__Alphaproteobacteria|o__UBA1301|f__UBA1301|g__UBA6038
3300050821_99	d__Bacteria|p__Proteobacteria|c__Alphaproteobacteria|o__UBA1301|f__UBA1301|g__UBA6038
3300050821_269	d__Bacteria|p__Proteobacteria|c__Gammaproteobacteria|o__|f__|g__
3300050821_1483	d__Bacteria|p__Proteobacteria|c__Gammaproteobacteria|o__Burkholderiales|f__Burkholderiaceae|g__
3300050821_403	d__Bacteria|p__Proteobacteria|c__Gammaproteobacteria|o__Burkholderiales|f__Burkholderiaceae|g__Collimonas
3300050821_810	d__Bacteria|p__Proteobacteria|c__Gammaproteobacteria|o__Burkholderiales|f__Burkholderiaceae|g__Collimonas
3300050821_1416	d__Bacteria|p__Proteobacteria|c__Gammaproteobacteria|o__Burkholderiales|f__Burkholderiaceae|g__Herminiimonas
3300050821_109	d__Bacteria|p__Proteobacteria|c__Gammaproteobacteria|o__Burkholderiales|f__Burkholderiaceae|g__Janthinobacterium
3300050821_1382	d__Bacteria|p__Proteobacteria|c__Gammaproteobacteria|o__Burkholderiales|f__Burkholderiaceae|g__Paraburkholderia
3300050821_1501	d__Bacteria|p__Proteobacteria|c__Gammaproteobacteria|o__Burkholderiales|f__Burkholderiaceae|g__Paraburkholderia
3300050821_1903	d__Bacteria|p__Proteobacteria|c__Gammaproteobacteria|o__Burkholderiales|f__Burkholderiaceae|g__Rhizobacter
3300050821_1159	d__Bacteria|p__Proteobacteria|c__Gammaproteobacteria|o__Burkholderiales|f__Burkholderiaceae|g__VBCK01
3300050821_291	d__Bacteria|p__Proteobacteria|c__Gammaproteobacteria|o__Burkholderiales|f__Burkholderiaceae|g__VBCK01
3300050821_454	d__Bacteria|p__Proteobacteria|c__Gammaproteobacteria|o__Burkholderiales|f__Burkholderiaceae|g__VBCK01
3300050821_913	d__Bacteria|p__Proteobacteria|c__Gammaproteobacteria|o__Burkholderiales|f__Burkholderiaceae|g__VBCK01
3300050821_2558	d__Bacteria|p__Proteobacteria|c__Gammaproteobacteria|o__Burkholderiales|f__Ga0077523|g__
3300050821_1035	d__Bacteria|p__Proteobacteria|c__Gammaproteobacteria|o__Burkholderiales|f__Palsa-1005|g__PALSA-1003
3300050821_1673	d__Bacteria|p__Proteobacteria|c__Gammaproteobacteria|o__Burkholderiales|f__Palsa-1005|g__PALSA-1003
3300050821_2274	d__Bacteria|p__Proteobacteria|c__Gammaproteobacteria|o__Burkholderiales|f__Palsa-1005|g__PALSA-1003
3300050821_2841	d__Bacteria|p__Proteobacteria|c__Gammaproteobacteria|o__Burkholderiales|f__Palsa-1005|g__PALSA-1003
3300050821_1733	d__Bacteria|p__Proteobacteria|c__Gammaproteobacteria|o__Burkholderiales|f__Palsa-1005|g__VBCG01
3300050821_47	d__Bacteria|p__Proteobacteria|c__Gammaproteobacteria|o__Burkholderiales|f__SG8-39|g__
3300050821_2948	d__Bacteria|p__Proteobacteria|c__Gammaproteobacteria|o__Burkholderiales|f__SG8-40|g__
3300050821_425	d__Bacteria|p__Proteobacteria|c__Gammaproteobacteria|o__Burkholderiales|f__UKL13-2|g__GR16-43
3300050821_51	d__Bacteria|p__Proteobacteria|c__Gammaproteobacteria|o__Diplorickettsiales|f__Diplorickettsiaceae|g__Rickettsiella
3300050821_2580	d__Bacteria|p__Proteobacteria|c__Gammaproteobacteria|o__SLND01|f__|g__
3300050821_1188	d__Bacteria|p__Proteobacteria|c__Gammaproteobacteria|o__Steroidobacterales|f__Steroidobacteraceae|g__
3300050821_1405	d__Bacteria|p__Proteobacteria|c__Gammaproteobacteria|o__Steroidobacterales|f__Steroidobacteraceae|g__
3300050821_1570	d__Bacteria|p__Proteobacteria|c__Gammaproteobacteria|o__Steroidobacterales|f__Steroidobacteraceae|g__
3300050821_1961	d__Bacteria|p__Proteobacteria|c__Gammaproteobacteria|o__Steroidobacterales|f__Steroidobacteraceae|g__
3300050821_2598	d__Bacteria|p__Proteobacteria|c__Gammaproteobacteria|o__Steroidobacterales|f__Steroidobacteraceae|g__
3300050821_340	d__Bacteria|p__Proteobacteria|c__Gammaproteobacteria|o__Steroidobacterales|f__Steroidobacteraceae|g__
3300050821_420	d__Bacteria|p__Proteobacteria|c__Gammaproteobacteria|o__Steroidobacterales|f__Steroidobacteraceae|g__
3300050821_438	d__Bacteria|p__Proteobacteria|c__Gammaproteobacteria|o__Steroidobacterales|f__Steroidobacteraceae|g__
3300050821_530	d__Bacteria|p__Proteobacteria|c__Gammaproteobacteria|o__Steroidobacterales|f__Steroidobacteraceae|g__
3300050821_84	d__Bacteria|p__Proteobacteria|c__Gammaproteobacteria|o__Steroidobacterales|f__Steroidobacteraceae|g__
3300050821_895	d__Bacteria|p__Proteobacteria|c__Gammaproteobacteria|o__Steroidobacterales|f__Steroidobacteraceae|g__
3300050821_1725	d__Bacteria|p__Proteobacteria|c__Gammaproteobacteria|o__Steroidobacterales|f__Steroidobacteraceae|g__13-2-20CM-66-19
3300050821_1876	d__Bacteria|p__Proteobacteria|c__Gammaproteobacteria|o__Steroidobacterales|f__Steroidobacteraceae|g__13-2-20CM-66-19
3300050821_1984	d__Bacteria|p__Proteobacteria|c__Gammaproteobacteria|o__Steroidobacterales|f__Steroidobacteraceae|g__13-2-20CM-66-19
3300050821_201	d__Bacteria|p__Proteobacteria|c__Gammaproteobacteria|o__Steroidobacterales|f__Steroidobacteraceae|g__13-2-20CM-66-19
3300050821_2026	d__Bacteria|p__Proteobacteria|c__Gammaproteobacteria|o__Steroidobacterales|f__Steroidobacteraceae|g__13-2-20CM-66-19
3300050821_2078	d__Bacteria|p__Proteobacteria|c__Gammaproteobacteria|o__Steroidobacterales|f__Steroidobacteraceae|g__13-2-20CM-66-19
3300050821_212	d__Bacteria|p__Proteobacteria|c__Gammaproteobacteria|o__Steroidobacterales|f__Steroidobacteraceae|g__13-2-20CM-66-19
3300050821_2541	d__Bacteria|p__Proteobacteria|c__Gammaproteobacteria|o__Steroidobacterales|f__Steroidobacteraceae|g__13-2-20CM-66-19
3300050821_2664	d__Bacteria|p__Proteobacteria|c__Gammaproteobacteria|o__Steroidobacterales|f__Steroidobacteraceae|g__13-2-20CM-66-19
3300050821_374	d__Bacteria|p__Proteobacteria|c__Gammaproteobacteria|o__Steroidobacterales|f__Steroidobacteraceae|g__13-2-20CM-66-19
3300050821_457	d__Bacteria|p__Proteobacteria|c__Gammaproteobacteria|o__Steroidobacterales|f__Steroidobacteraceae|g__13-2-20CM-66-19
3300050821_528	d__Bacteria|p__Proteobacteria|c__Gammaproteobacteria|o__Steroidobacterales|f__Steroidobacteraceae|g__13-2-20CM-66-19
3300050821_769	d__Bacteria|p__Proteobacteria|c__Gammaproteobacteria|o__Steroidobacterales|f__Steroidobacteraceae|g__13-2-20CM-66-19
3300050821_1351	d__Bacteria|p__Proteobacteria|c__Gammaproteobacteria|o__Steroidobacterales|f__Steroidobacteraceae|g__Bog-1198
3300050821_1370	d__Bacteria|p__Proteobacteria|c__Gammaproteobacteria|o__Steroidobacterales|f__Steroidobacteraceae|g__Bog-1198
3300050821_1664	d__Bacteria|p__Proteobacteria|c__Gammaproteobacteria|o__Steroidobacterales|f__Steroidobacteraceae|g__Bog-1198
3300050821_2009	d__Bacteria|p__Proteobacteria|c__Gammaproteobacteria|o__Steroidobacterales|f__Steroidobacteraceae|g__Bog-1198
3300050821_2462	d__Bacteria|p__Proteobacteria|c__Gammaproteobacteria|o__Steroidobacterales|f__Steroidobacteraceae|g__Bog-1198
3300050821_2535	d__Bacteria|p__Proteobacteria|c__Gammaproteobacteria|o__Steroidobacterales|f__Steroidobacteraceae|g__Bog-1198
3300050821_2610	d__Bacteria|p__Proteobacteria|c__Gammaproteobacteria|o__Steroidobacterales|f__Steroidobacteraceae|g__Bog-1198
3300050821_2642	d__Bacteria|p__Proteobacteria|c__Gammaproteobacteria|o__Steroidobacterales|f__Steroidobacteraceae|g__Bog-1198
3300050821_474	d__Bacteria|p__Proteobacteria|c__Gammaproteobacteria|o__Steroidobacterales|f__Steroidobacteraceae|g__Bog-1198
3300050821_634	d__Bacteria|p__Proteobacteria|c__Gammaproteobacteria|o__Steroidobacterales|f__Steroidobacteraceae|g__Bog-1198
3300050821_68	d__Bacteria|p__Proteobacteria|c__Gammaproteobacteria|o__Steroidobacterales|f__Steroidobacteraceae|g__Bog-1198
3300050821_76	d__Bacteria|p__Proteobacteria|c__Gammaproteobacteria|o__Steroidobacterales|f__Steroidobacteraceae|g__Bog-1198
3300050821_98	d__Bacteria|p__Proteobacteria|c__Gammaproteobacteria|o__Steroidobacterales|f__Steroidobacteraceae|g__Bog-1198
3300050821_1316	d__Bacteria|p__Proteobacteria|c__Gammaproteobacteria|o__Steroidobacterales|f__Steroidobacteraceae|g__FEN-1191
3300050821_1470	d__Bacteria|p__Proteobacteria|c__Gammaproteobacteria|o__Steroidobacterales|f__Steroidobacteraceae|g__FEN-1191
3300050821_2336	d__Bacteria|p__Proteobacteria|c__Gammaproteobacteria|o__Steroidobacterales|f__Steroidobacteraceae|g__FEN-1191
3300050821_2509	d__Bacteria|p__Proteobacteria|c__Gammaproteobacteria|o__Steroidobacterales|f__Steroidobacteraceae|g__FEN-1191
3300050821_2543	d__Bacteria|p__Proteobacteria|c__Gammaproteobacteria|o__Steroidobacterales|f__Steroidobacteraceae|g__FEN-1191
3300050821_72	d__Bacteria|p__Proteobacteria|c__Gammaproteobacteria|o__Steroidobacterales|f__Steroidobacteraceae|g__FEN-1191
3300050821_2141	d__Bacteria|p__Proteobacteria|c__Gammaproteobacteria|o__Steroidobacterales|f__Steroidobacteraceae|g__ZC4RG24
3300050821_1765	d__Bacteria|p__Proteobacteria|c__Gammaproteobacteria|o__Xanthomonadales|f__Rhodanobacteraceae|g__Rhodanobacter
3300050821_2123	d__Bacteria|p__Proteobacteria|c__Gammaproteobacteria|o__Xanthomonadales|f__Xanthomonadaceae|g__
3300050821_918	d__Bacteria|p__Proteobacteria|c__Gammaproteobacteria|o__Xanthomonadales|f__Xanthomonadaceae|g__
3300050821_1893	d__Bacteria|p__T1SED10-198M|c__|o__|f__|g__
3300050821_2124	d__Bacteria|p__Verrucomicrobiota_A|c__Chlamydiia|o__Parachlamydiales|f__Rhabdochlamydiaceae|g__PALSA-1444
3300050821_2196	d__Bacteria|p__Verrucomicrobiota_A|c__Chlamydiia|o__Parachlamydiales|f__Rhabdochlamydiaceae|g__PALSA-1444
3300050821_373	d__Bacteria|p__Verrucomicrobiota_A|c__Chlamydiia|o__Parachlamydiales|f__Rhabdochlamydiaceae|g__PALSA-1444
3300050821_2733	d__Bacteria|p__Verrucomicrobiota_A|c__Chlamydiia|o__Parachlamydiales|f__SM23-39|g__
3300050821_928	d__Bacteria|p__Verrucomicrobiota_A|c__Chlamydiia|o__Parachlamydiales|f__SM23-39|g__
3300050821_452	d__Bacteria|p__Verrucomicrobiota_A|c__Chlamydiia|o__Parachlamydiales|f__SM23-39|g__PALSA-1448
3300050821_1161	d__Bacteria|p__Verrucomicrobiota|c__Verrucomicrobiae|o__Chthoniobacterales|f__|g__
3300050821_1514	d__Bacteria|p__Verrucomicrobiota|c__Verrucomicrobiae|o__Chthoniobacterales|f__|g__
3300050821_1560	d__Bacteria|p__Verrucomicrobiota|c__Verrucomicrobiae|o__Chthoniobacterales|f__|g__
3300050821_1686	d__Bacteria|p__Verrucomicrobiota|c__Verrucomicrobiae|o__Chthoniobacterales|f__|g__
3300050821_1941	d__Bacteria|p__Verrucomicrobiota|c__Verrucomicrobiae|o__Chthoniobacterales|f__|g__
3300050821_2582	d__Bacteria|p__Verrucomicrobiota|c__Verrucomicrobiae|o__Chthoniobacterales|f__|g__
3300050821_2772	d__Bacteria|p__Verrucomicrobiota|c__Verrucomicrobiae|o__Chthoniobacterales|f__|g__
3300050821_2976	d__Bacteria|p__Verrucomicrobiota|c__Verrucomicrobiae|o__Chthoniobacterales|f__|g__
3300050821_310	d__Bacteria|p__Verrucomicrobiota|c__Verrucomicrobiae|o__Chthoniobacterales|f__|g__
3300050821_73	d__Bacteria|p__Verrucomicrobiota|c__Verrucomicrobiae|o__Chthoniobacterales|f__|g__
3300050821_1474	d__Bacteria|p__Verrucomicrobiota|c__Verrucomicrobiae|o__Chthoniobacterales|f__UBA10450|g__AV40
3300050821_1485	d__Bacteria|p__Verrucomicrobiota|c__Verrucomicrobiae|o__Chthoniobacterales|f__UBA10450|g__AV40
3300050821_2234	d__Bacteria|p__Verrucomicrobiota|c__Verrucomicrobiae|o__Chthoniobacterales|f__UBA10450|g__AV40
3300050821_3056	d__Bacteria|p__Verrucomicrobiota|c__Verrucomicrobiae|o__Chthoniobacterales|f__UBA10450|g__AV40
3300050821_46	d__Bacteria|p__Verrucomicrobiota|c__Verrucomicrobiae|o__Chthoniobacterales|f__UBA10450|g__AV40
3300050821_539	d__Bacteria|p__Verrucomicrobiota|c__Verrucomicrobiae|o__Chthoniobacterales|f__UBA10450|g__AV40
3300050821_806	d__Bacteria|p__Verrucomicrobiota|c__Verrucomicrobiae|o__Chthoniobacterales|f__UBA10450|g__AV40
3300050821_95	d__Bacteria|p__Verrucomicrobiota|c__Verrucomicrobiae|o__Chthoniobacterales|f__UBA10450|g__AV40
3300050821_2940	d__Bacteria|p__Verrucomicrobiota|c__Verrucomicrobiae|o__Chthoniobacterales|f__UBA10450|g__AV55
3300050821_2711	d__Bacteria|p__Verrucomicrobiota|c__Verrucomicrobiae|o__Opitutales|f__|g__
3300050821_18	d__Bacteria|p__Verrucomicrobiota|c__Verrucomicrobiae|o__Opitutales|f__Opitutaceae|g__
3300050821_1531	d__Bacteria|p__Verrucomicrobiota|c__Verrucomicrobiae|o__Opitutales|f__Opitutaceae|g__
3300050821_1003	d__Bacteria|p__Verrucomicrobiota|c__Verrucomicrobiae|o__Opitutales|f__Opitutaceae|g__Palsa-1447
3300050821_1029	d__Bacteria|p__Verrucomicrobiota|c__Verrucomicrobiae|o__Opitutales|f__Opitutaceae|g__Palsa-1447
3300050821_1752	d__Bacteria|p__Verrucomicrobiota|c__Verrucomicrobiae|o__Opitutales|f__Opitutaceae|g__Palsa-1447
3300050821_1811	d__Bacteria|p__Verrucomicrobiota|c__Verrucomicrobiae|o__Opitutales|f__Opitutaceae|g__Palsa-1447
3300050821_2183	d__Bacteria|p__Verrucomicrobiota|c__Verrucomicrobiae|o__Opitutales|f__Opitutaceae|g__Palsa-1447
3300050821_1296	d__Bacteria|p__Verrucomicrobiota|c__Verrucomicrobiae|o__Pedosphaerales|f__Pedosphaeraceae|g__Pedosphaera
3300050821_1667	d__Bacteria|p__Verrucomicrobiota|c__Verrucomicrobiae|o__Pedosphaerales|f__Pedosphaeraceae|g__Pedosphaera
3300050821_2321	d__Bacteria|p__Verrucomicrobiota|c__Verrucomicrobiae|o__Pedosphaerales|f__Pedosphaeraceae|g__Pedosphaera
3300050821_450	d__Bacteria|p__Verrucomicrobiota|c__Verrucomicrobiae|o__Pedosphaerales|f__Pedosphaeraceae|g__Pedosphaera
3300050821_592	d__Bacteria|p__Verrucomicrobiota|c__Verrucomicrobiae|o__Pedosphaerales|f__Pedosphaeraceae|g__Pedosphaera
3300050821_88	d__Bacteria|p__Verrucomicrobiota|c__Verrucomicrobiae|o__Pedosphaerales|f__Pedosphaeraceae|g__Pedosphaera
3300050821_110	d__Bacteria|p__Verrucomicrobiota|c__Verrucomicrobiae|o__Pedosphaerales|f__Pedosphaeraceae|g__PSRM01
3300050821_1310	d__Bacteria|p__Verrucomicrobiota|c__Verrucomicrobiae|o__Pedosphaerales|f__Pedosphaeraceae|g__PSRM01
3300050821_2112	d__Bacteria|p__Verrucomicrobiota|c__Verrucomicrobiae|o__Pedosphaerales|f__Pedosphaeraceae|g__PSRM01
3300050821_2595	d__Bacteria|p__Verrucomicrobiota|c__Verrucomicrobiae|o__Pedosphaerales|f__Pedosphaeraceae|g__PSRM01
3300050821_323	d__Bacteria|p__Verrucomicrobiota|c__Verrucomicrobiae|o__Pedosphaerales|f__Pedosphaeraceae|g__PSRM01
3300050821_94	d__Bacteria|p__Verrucomicrobiota|c__Verrucomicrobiae|o__Pedosphaerales|f__Pedosphaeraceae|g__PSRM01
3300050821_1169	d__Bacteria|p__Verrucomicrobiota|c__Verrucomicrobiae|o__Pedosphaerales|f__Pedosphaeraceae|g__UBA11358
3300050821_1298	d__Bacteria|p__Verrucomicrobiota|c__Verrucomicrobiae|o__Pedosphaerales|f__Pedosphaeraceae|g__UBA11358
3300050821_1375	d__Bacteria|p__Verrucomicrobiota|c__Verrucomicrobiae|o__Pedosphaerales|f__Pedosphaeraceae|g__UBA11358
3300050821_2147	d__Bacteria|p__Verrucomicrobiota|c__Verrucomicrobiae|o__Pedosphaerales|f__Pedosphaeraceae|g__UBA11358
3300050821_2295	d__Bacteria|p__Verrucomicrobiota|c__Verrucomicrobiae|o__Pedosphaerales|f__Pedosphaeraceae|g__UBA11358
3300050821_2658	d__Bacteria|p__Verrucomicrobiota|c__Verrucomicrobiae|o__Pedosphaerales|f__Pedosphaeraceae|g__UBA11358
3300050821_2666	d__Bacteria|p__Verrucomicrobiota|c__Verrucomicrobiae|o__Pedosphaerales|f__Pedosphaeraceae|g__UBA11358
3300050821_2672	d__Bacteria|p__Verrucomicrobiota|c__Verrucomicrobiae|o__Pedosphaerales|f__Pedosphaeraceae|g__UBA11358
3300050821_2703	d__Bacteria|p__Verrucomicrobiota|c__Verrucomicrobiae|o__Pedosphaerales|f__Pedosphaeraceae|g__UBA11358
3300050821_484	d__Bacteria|p__Verrucomicrobiota|c__Verrucomicrobiae|o__Pedosphaerales|f__Pedosphaeraceae|g__UBA11358
3300050821_1919	d__Bacteria|p__Verrucomicrobiota|c__Verrucomicrobiae|o__Pedosphaerales|f__Pedosphaeraceae|g__UBA3939
